Item Title,Item Price,Item ID,Number Sold,Brand,Manufacturer Part Number,Reference OE/OEM Number,MPN,Reference
6x Wind Rain Deflector Metal Fitting Clips Replacements For Heko G3 SNED Clip SP,3.59,333934720824,N/A,SpringBlossoms,X8R0149,N/A,N/A,https://www.ebay.co.uk/sch/springblossoms-1/m.html?_nkw=&_armrs=1&_ipg=&_from=&_udlo=3.54&_udhi=3.59&_sop=2&_ipg=200
For VW T4 TRANSPORTER CARAVELLE 1990-2003 Rear Single Door Tailgate Handle&Lock,30.35,333930856066,3 sold,Springblossoms,VWT4TG19902003,"outer door, poignée de porte",N/A,https://www.ebay.co.uk/sch/springblossoms-1/m.html?_nkw=&_armrs=1&_ipg=&_from=&_udlo=30.1900000000003&_udhi=30.2400000000003&_sop=2&_ipg=200
Hair Removal Machin 900000 Laser IPL Permanent  Skin Face Body Painless Epilator,29.98,333930746505,N/A,Springblossoms,N/A,N/A,Does Not Apply,https://www.ebay.co.uk/sch/springblossoms-1/m.html?_nkw=&_armrs=1&_ipg=&_from=&_udlo=29.790000000000294&_udhi=29.840000000000295&_sop=2&_ipg=200
Black Lens LED Rear Boot Third Brake Stop Light Fit For BMW 1 Series E82 E88 M,27.99,333927046059,3 sold,Springblossoms,"63257164978, 7164978","63257164978, 7164978",N/A,https://www.ebay.co.uk/sch/springblossoms-1/m.html?_nkw=&_armrs=1&_ipg=&_from=&_udlo=27.840000000000266&_udhi=27.890000000000267&_sop=2&_ipg=200
Demon Tube Screamer OverDrive TS9 TS808 guitar effect pedal 2 in 1 Overdrive UK,27.99,333934572747,N/A,Springblossoms,N/A,N/A,Does Not Apply,https://www.ebay.co.uk/sch/springblossoms-1/m.html?_nkw=&_armrs=1&_ipg=&_from=&_udlo=27.840000000000266&_udhi=27.890000000000267&_sop=2&_ipg=200
2x Dynamic Side Mirror Turn Signal LED Indicator Lights BMW F30 34 36 Smoked SPR,26.99,333925885258,1 sold,SpringBlossoms,60 Led Sequential Indicator,"X1 E84, technology, swiping, Smoked, Sequential Wing Mirror, Led, Indicator, GT, F36, F35, F34, F33, F32, F31, F22, F21, F20, Dynamic, Cree, Bmw, Amber, 4 Series, 3 Series, 2013, 2012, 2 Series, 1 Series",N/A,https://www.ebay.co.uk/sch/springblossoms-1/m.html?_nkw=&_armrs=1&_ipg=&_from=&_udlo=26.840000000000252&_udhi=26.890000000000253&_sop=2&_ipg=200
Rear Wing Mirror Cover Cap Gloss Black For BMW F20 F21 F22 F30 F32 F36 X1 F87 M3,26.99,333928705527,2 sold,SpringBlossoms,"51167292745,51167292746",N/A,N/A,https://www.ebay.co.uk/sch/springblossoms-1/m.html?_nkw=&_armrs=1&_ipg=&_from=&_udlo=26.840000000000252&_udhi=26.890000000000253&_sop=2&_ipg=200
63257164978 3rd Brake Coupe Convertible Rear Light For BMW E88 E82 1 Series SPR,25.99,333925886563,2 sold,SpringBlossoms,Does Not Apply,63257164978,N/A,https://www.ebay.co.uk/sch/springblossoms-1/m.html?_nkw=&_armrs=1&_ipg=&_from=&_udlo=25.840000000000238&_udhi=25.89000000000024&_sop=2&_ipg=200
For VW Golf 2.0T FSI GTI 2.0 TFSI Fuel Pump Cam Follower Tappet O-ring Kit SPR,25.99,333928721487,5 sold,SPRINGBLOSSOMS,06D109309C / 06D 109 309 C,"WHT005184 / WHT 005 184 Elring, N91089601 / N 910 896 01 Audi",N/A,https://www.ebay.co.uk/sch/springblossoms-1/m.html?_nkw=&_armrs=1&_ipg=&_from=&_udlo=25.840000000000238&_udhi=25.89000000000024&_sop=2&_ipg=200
LED High Level Brake Light Lamp Red Lens For BMW Z4 E85 2002-08 63256930246 SPR,25.99,333928590980,N/A,SpringBlossoms,"63256930246, 63256917378","63256930246, 63256917378",N/A,https://www.ebay.co.uk/sch/springblossoms-1/m.html?_nkw=&_armrs=1&_ipg=&_from=&_udlo=25.840000000000238&_udhi=25.89000000000024&_sop=2&_ipg=200
EVA Storage Bag VR For Oculus Quest 2 Headset & Controller Travel Carrying Case,25.48,333933418273,N/A,Springblossoms,N/A,N/A,Does not apply,https://www.ebay.co.uk/sch/springblossoms-1/m.html?_nkw=&_armrs=1&_ipg=&_from=&_udlo=25.34000000000023&_udhi=25.39000000000023&_sop=2&_ipg=200
2* Timing Vanos Solenoid Valve Camshaft For BMW N42 N45 N46 N62 1 3 5 6 7 Series,25.70,333933204400,1 sold,Springblossoms,11367560462,"11361707323, 11360410035, 11360149817, 11 36 1 707 323, 11 36 0 410 035, 11 36 0 149 817",N/A,https://www.ebay.co.uk/sch/springblossoms-1/m.html?_nkw=&_armrs=1&_ipg=&_from=&_udlo=25.540000000000234&_udhi=25.590000000000234&_sop=2&_ipg=200
FOR RENAULT CLIO MK3 KANGOO MODUS INDICATOR STALK HEADLIGHT SWITCH HEADLAMP SPR,24.99,333925901515,5 sold,SpringBlossoms,DOES NOT,"77 01 057 088, 77 01 057 089, 77 01 057 090, 82 01 590 638, 7701057088,7701057089,7701057090,8201590638,77 01 057 088",DOES NOT,https://www.ebay.co.uk/sch/springblossoms-1/m.html?_nkw=&_armrs=1&_ipg=&_from=&_udlo=24.840000000000224&_udhi=24.890000000000224&_sop=2&_ipg=200
#806069981R Left Side Sliding Door Handle & Handle Holder For Nissan NV400 10-16,24.66,333931034724,2 sold,Springblossoms,806069981R,"806068194R, 806065415R,",N/A,https://www.ebay.co.uk/sch/springblossoms-1/m.html?_nkw=&_armrs=1&_ipg=&_from=&_udlo=24.54000000000022&_udhi=24.59000000000022&_sop=2&_ipg=200
Hazard warning light switch lock button Replacement for Ford fiesta focus kuga,24.59,333928458625,1 sold,SpringBlossoms,1519127,1690881,N/A,https://www.ebay.co.uk/sch/springblossoms-1/m.html?_nkw=&_armrs=1&_ipg=&_from=&_udlo=24.440000000000218&_udhi=24.49000000000022&_sop=2&_ipg=200
#806069981R Left Side Sliding Door Handle & Handle Holder For Nissan NV400 10-16,24.66,333931034724,2 sold,Springblossoms,806069981R,"806068194R, 806065415R,",N/A,https://www.ebay.co.uk/sch/springblossoms-1/m.html?_nkw=&_armrs=1&_ipg=&_from=&_udlo=24.49000000000022&_udhi=24.54000000000022&_sop=2&_ipg=200
25380AX60B NEW BOOT TAILGATE OPENING SWITCH FOR NISSAN MICRA 02-10 K12 SPR,23.98,333925911068,9 sold,SpringBlossoms,25380AX60B,25380-AX60B,N/A,https://www.ebay.co.uk/sch/springblossoms-1/m.html?_nkw=&_armrs=1&_ipg=&_from=&_udlo=23.84000000000021&_udhi=23.89000000000021&_sop=2&_ipg=200
For Ford Everest Ranger T6 LED Side Mirror Dynamic Indicator Turn Signal Lights,23.99,333928447319,1 sold,SpringBlossoms,Does Not Apply,N/A,Does Not Apply,https://www.ebay.co.uk/sch/springblossoms-1/m.html?_nkw=&_armrs=1&_ipg=&_from=&_udlo=23.84000000000021&_udhi=23.89000000000021&_sop=2&_ipg=200
For Peugeot Boxer Citroen Relay Fiat Ducato Ignition Steering Barrel Lock Switch,23.99,333932203488,N/A,Springblossoms,xEt7532834,"1608501280, 1348421080 1361031080 1371429080, 4162SJ, 1371430080",xEt7532834,https://www.ebay.co.uk/sch/springblossoms-1/m.html?_nkw=&_armrs=1&_ipg=&_from=&_udlo=23.84000000000021&_udhi=23.89000000000021&_sop=2&_ipg=200
Swimming Pool Thermometer Floating Wireless Water Pond Spa Temperature Hot Tub A,23.99,333930886769,N/A,Springblossoms,N/A,N/A,Does not apply,https://www.ebay.co.uk/sch/springblossoms-1/m.html?_nkw=&_armrs=1&_ipg=&_from=&_udlo=23.84000000000021&_udhi=23.89000000000021&_sop=2&_ipg=200
LED SEQUENTIAL DYNAMIC INDICATOR FOR FORD FIESTA MK8 2019 2020 ST LINE SPR,23.99,333928584574,N/A,SpringBlossoms,Does Not Apply,N/A,N/A,https://www.ebay.co.uk/sch/springblossoms-1/m.html?_nkw=&_armrs=1&_ipg=&_from=&_udlo=23.84000000000021&_udhi=23.89000000000021&_sop=2&_ipg=200
LED Turn Signal Light Indicator Dynamic Sequential Mirror For Volvo S80 C30 S60,23.99,333925984595,5 sold,SpringBlossoms,Does Not Apply,N/A,Does Not Apply,https://www.ebay.co.uk/sch/springblossoms-1/m.html?_nkw=&_armrs=1&_ipg=&_from=&_udlo=23.84000000000021&_udhi=23.89000000000021&_sop=2&_ipg=200
1pc For Xiaomi M365PRO Motherboard Mainboard Battery Controller Electric Scooter,23.98,333934564648,N/A,Springblossoms,N/A,N/A,Does Not Apply,https://www.ebay.co.uk/sch/springblossoms-1/m.html?_nkw=&_armrs=1&_ipg=&_from=&_udlo=23.84000000000021&_udhi=23.89000000000021&_sop=2&_ipg=200
8K0941597 Fits Audi VW Xenon Ballast HID Control Unit Computer Module ECU SPR,22.99,333925944975,9 sold,SpringBlossoms,8K0941597C,"8K0.941.597 8K0941597, 8K0.941.597 E 8K0941597E, 8K0.941.597 C 8K0941597C, 4UM 8K0.941.597 B, 8K0941597B, W3T21071, W3T16372, W3T11472, W003T22071, W003T20171, 12V 24V 42V 85V 35W, 1307329315 - 1 307 329 315 00, 1307329320 - 1 307 329 320, 1307329323, 1307329269 323 269, Audi Volkswagen control unit ballast, headlight ballast control unit ECU, W003T22071",N/A,https://www.ebay.co.uk/sch/springblossoms-1/m.html?_nkw=&_armrs=1&_ipg=&_from=&_udlo=22.840000000000195&_udhi=22.890000000000196&_sop=2&_ipg=200
For Audi MK2 TT 2007-2014 8J0945097 LED Rear High Level Centre Brake Light Lamp/,23.08,333925871086,6 sold,Springblossoms,8J0945097,N/A,N/A,https://www.ebay.co.uk/sch/springblossoms-1/m.html?_nkw=&_armrs=1&_ipg=&_from=&_udlo=22.940000000000197&_udhi=22.990000000000197&_sop=2&_ipg=200
Headlight light sensor light sensor switch for VW Golf MK5 Jetta Passat B6 UK,22.48,333927004712,N/A,Springblossoms,Does Not Apply,N/A,27171016137-1,https://www.ebay.co.uk/sch/springblossoms-1/m.html?_nkw=&_armrs=1&_ipg=&_from=&_udlo=22.340000000000188&_udhi=22.39000000000019&_sop=2&_ipg=200
NEW FOR PEUGEOT 107 CITROEN C1 RENAULT INTERIOR REAR VIEW MIRROR  814842,21.79,333934701810,N/A,SpringBlossoms,1191379 6106370,814842,N/A,https://www.ebay.co.uk/sch/springblossoms-1/m.html?_nkw=&_armrs=1&_ipg=&_from=&_udlo=21.640000000000178&_udhi=21.69000000000018&_sop=2&_ipg=200
4F9945097 FOR AUDI A6 C6 AVANT ESTATE 2005-2011 REAR HIGH LEVEL BRAKE LIGHT SPR,21.59,333925892198,1 sold,SpringBlossoms,72604,4F9945097,N/A,https://www.ebay.co.uk/sch/springblossoms-1/m.html?_nkw=&_armrs=1&_ipg=&_from=&_udlo=21.440000000000175&_udhi=21.490000000000176&_sop=2&_ipg=200
Tailgate Boot Lock Catch 55702917 for Fiat 500 Grande Punto Evo Bravo UK Ship,20.88,333927162349,6 sold,Springblossoms,55702917,55702917,N/A,https://www.ebay.co.uk/sch/springblossoms-1/m.html?_nkw=&_armrs=1&_ipg=&_from=&_udlo=20.740000000000165&_udhi=20.790000000000166&_sop=2&_ipg=200
Red For Mercedes Benz Vito W639 03-up Third High Level LED Tail Brake Light Lamp,20.99,333934645196,N/A,Springblossoms,"A 6398200056, A 639 820 0056, A6398200056","A6398200056, A 639 820 0056, A 6398200056",N/A,https://www.ebay.co.uk/sch/springblossoms-1/m.html?_nkw=&_armrs=1&_ipg=&_from=&_udlo=20.840000000000167&_udhi=20.890000000000168&_sop=2&_ipg=200
Bonnet Vents Carbon Fibre FOR Ford Focus RS MK2 Style Effect ABS SPR,20.88,333934665699,N/A,SpringBlossoms,Does Not Apply,N/A,N/A,https://www.ebay.co.uk/sch/springblossoms-1/m.html?_nkw=&_armrs=1&_ipg=&_from=&_udlo=20.740000000000165&_udhi=20.790000000000166&_sop=2&_ipg=200
8-in-1 USB-C Hub Type-C Multiport Card Reader Adapter 4K HDMI For MacBook Pro UK,19.48,333932259391,N/A,Universal,N/A,N/A,Does not apply,https://www.ebay.co.uk/sch/springblossoms-1/m.html?_nkw=&_armrs=1&_ipg=&_from=&_udlo=19.340000000000146&_udhi=19.390000000000146&_sop=2&_ipg=200
6441CE Heater Blower Resistor for Citroen C4 Picasso Grand I Peugeot 1.6 1.8 2.0,19.08,333927158116,2 sold,Springblossoms,"6441CE, 6845788",6441CE / A43001400 / 77366112 / DRS07001 / 6441.CE /,N/A,https://www.ebay.co.uk/sch/springblossoms-1/m.html?_nkw=&_armrs=1&_ipg=&_from=&_udlo=18.94000000000014&_udhi=18.99000000000014&_sop=2&_ipg=200
Chrome Window Headlight Mirror Switch Set For VW Golf MK5/ 6 Passat For Jetta UK,18.99,333927020340,N/A,SpringBlossoms,Golf MK5  Headlight switch,5K3959857 5ND959855 5ND959565A 5ND941431B,Does not apply,https://www.ebay.co.uk/sch/springblossoms-1/m.html?_nkw=&_armrs=1&_ipg=&_from=&_udlo=18.89000000000014&_udhi=18.94000000000014&_sop=2&_ipg=200
FOR BMW 3 SERIES E90 E91 M47N2 ENGINE AIR INTAKE HOSE PIPE 318d 320d 7795284 UK,18.99,333927165591,N/A,Springblossoms,13717795284,"13717795284, 1371 7 795 284",N/A,https://www.ebay.co.uk/sch/springblossoms-1/m.html?_nkw=&_armrs=1&_ipg=&_from=&_udlo=18.89000000000014&_udhi=18.94000000000014&_sop=2&_ipg=200
Camera Tailgate Handle Boot Handle For Nissan Qashqai 2007- 2013 90812JD20H SPR,18.39,333925931336,7 sold,SpringBlossoms,"90812JD20H, 90812 JD20H, 90812-JD20H, 90810 JD40H","90812JD20H, 90812 JD20H, 90812-JD20H, 90812-JD00H, 90812JD00H, 90812 JD00H, 90812-JD40H, 90812JD40H, 90812 JD40H, Rear Back Boot Panel Lid Trim Tailgate Handle, J10 JJ10",N/A,https://www.ebay.co.uk/sch/springblossoms-1/m.html?_nkw=&_armrs=1&_ipg=&_from=&_udlo=18.29000000000013&_udhi=18.34000000000013&_sop=2&_ipg=200
2 Door Gloss Black Car Door Handle Cover For MINI Cooper S R50 R53 R56 R57 SPR,17.99,333925881863,1 sold,SpringBlossoms,Does not apply,N/A,N/A,https://www.ebay.co.uk/sch/springblossoms-1/m.html?_nkw=&_armrs=1&_ipg=&_from=&_udlo=17.890000000000125&_udhi=17.940000000000126&_sop=2&_ipg=200
Touran Tailgate Handle w/ Micro Switch For VW Volkswagen Golf Jetta #1T0827574L,17.95,333932371213,4 sold,Springblossoms,1T0827574L,N/A,N/A,https://www.ebay.co.uk/sch/springblossoms-1/m.html?_nkw=&_armrs=1&_ipg=&_from=&_udlo=17.940000000000126&_udhi=17.990000000000126&_sop=2&_ipg=200
2x 9LED Front Fog Light DRL Lamps For Ford Fiesta Focus Transit Connect Custom A,17.99,333932253220,N/A,Springblossoms,"1209177, 2N11 15201 AB, 620639, 620662, 6206E1, C2S1740","35500-63J01, 35500-63J02, 3550063J00, 80660042, XR837532",N/A,https://www.ebay.co.uk/sch/springblossoms-1/m.html?_nkw=&_armrs=1&_ipg=&_from=&_udlo=17.890000000000125&_udhi=17.940000000000126&_sop=2&_ipg=200
FOR FORD TRANSIT CONNECT MONDEO 1.8 TDCI DIESEL LEAK OFF FUEL PIPE w SENSOR SPR,17.99,333928635389,2 sold,SpringBlossoms,Does Not Apply,"4M5Q9K022AG,1521487, 4M5Q-9K022-AG, leak off",N/A,https://www.ebay.co.uk/sch/springblossoms-1/m.html?_nkw=&_armrs=1&_ipg=&_from=&_udlo=17.890000000000125&_udhi=17.940000000000126&_sop=2&_ipg=200
Sequential Dynamic Mirror Indicator Light Fit For Ford C-Max 2 S-Max Kuga SPR,17.99,333928544975,1 sold,SpringBlossoms,Does Not Apply,"1405034, 1405067",N/A,https://www.ebay.co.uk/sch/springblossoms-1/m.html?_nkw=&_armrs=1&_ipg=&_from=&_udlo=17.890000000000125&_udhi=17.940000000000126&_sop=2&_ipg=200
Front Right Wiper Arm Bearing For BMW 5 6 Series E60 E61 E63 E64 61617185366 SPR,17.99,333925896169,1 sold,SpringBlossoms,61617185366,61617185366 7185366,N/A,https://www.ebay.co.uk/sch/springblossoms-1/m.html?_nkw=&_armrs=1&_ipg=&_from=&_udlo=17.890000000000125&_udhi=17.940000000000126&_sop=2&_ipg=200
038971600 Injector Wiring Loom Diesel Engines For AUDI SEAT SKODA VW 1.9 TDI SPR,17.69,333925944311,2 sold,SpringBlossoms,Does Not Apply,038971600,N/A,https://www.ebay.co.uk/sch/springblossoms-1/m.html?_nkw=&_armrs=1&_ipg=&_from=&_udlo=17.59000000000012&_udhi=17.64000000000012&_sop=2&_ipg=200
868MHz for BMW Mini Cooper 2007-2014 3 Button Smart Remote Key Keyless Entry Fob,17.85,333930943818,N/A,SpringBlossoms,Key  Mhz MINI COOPER,N/A,N/A,https://www.ebay.co.uk/sch/springblossoms-1/m.html?_nkw=&_armrs=1&_ipg=&_from=&_udlo=17.740000000000123&_udhi=17.790000000000123&_sop=2&_ipg=200
TAILGATE BOOT OPENING SWITCH For VAUXHALL ASTRA H VAN OR ZAFIRA B 13223919 SPR,17.29,333934658489,1 sold,SpringBlossoms,13223919,13156919,N/A,https://www.ebay.co.uk/sch/springblossoms-1/m.html?_nkw=&_armrs=1&_ipg=&_from=&_udlo=17.190000000000115&_udhi=17.240000000000116&_sop=2&_ipg=200
A PAIR OF BRAKE DRUM SHOES ADJUSTER FOR FORD TRANSIT CONNECT FIESTA PUMA SPR,17.39,333928655470,4 sold,SpringBlossoms,Does Not Apply,5039060,N/A,https://www.ebay.co.uk/sch/springblossoms-1/m.html?_nkw=&_armrs=1&_ipg=&_from=&_udlo=17.290000000000116&_udhi=17.340000000000117&_sop=2&_ipg=200
Door Double Window Switch Drivers Side FOR LHD Ford Transit MK8 Custom 2014+ SPR,17.59,333925920680,7 sold,SpringBlossoms,"2029885, 1791339, GK2T 14A132 CA","2029885, 1791339, GK2T 14A132 CA",N/A,https://www.ebay.co.uk/sch/springblossoms-1/m.html?_nkw=&_armrs=1&_ipg=&_from=&_udlo=17.49000000000012&_udhi=17.54000000000012&_sop=2&_ipg=200
For Opel Vauxhall Chevrolet Volt New Mass Air Flow Meter MAF Sensor 0280218254,17.48,333932212595,2 sold,SpringBlossoms,0280218254,0280218254 0280218268,N/A,https://www.ebay.co.uk/sch/springblossoms-1/m.html?_nkw=&_armrs=1&_ipg=&_from=&_udlo=17.390000000000118&_udhi=17.44000000000012&_sop=2&_ipg=200
POSITION SENSOR TURBO CHARGER ACTUATOR For PEUGEOT 307 308 407 508 2.0 HDI SPR,17.29,333928690752,1 sold,SpringBlossoms,"0375P0, 0375J1, 0375K1, 0375K8, 0375K9","728768-0004, 728768-0005, 760774-0003, 753847-0002",N/A,https://www.ebay.co.uk/sch/springblossoms-1/m.html?_nkw=&_armrs=1&_ipg=&_from=&_udlo=17.190000000000115&_udhi=17.240000000000116&_sop=2&_ipg=200
2 Pcs Adapter Sensor Accelerator Remote Controller  For Nintendo Wii Motion Plus,16.88,333925960450,9 sold,SpringBlossoms,N/A,N/A,153400HF5BU4185,https://www.ebay.co.uk/sch/springblossoms-1/m.html?_nkw=&_armrs=1&_ipg=&_from=&_udlo=16.79000000000011&_udhi=16.84000000000011&_sop=2&_ipg=200
For VW Golf MK4 Audi TT A3 S3 Ibiza 1.8T Oil Pump Pickup Pipe Seal 06A115251 SPR,16.99,333928711869,N/A,SPRINGBLOSSOMS,"06A115251, UK-M457",06A115251,N/A,https://www.ebay.co.uk/sch/springblossoms-1/m.html?_nkw=&_armrs=1&_ipg=&_from=&_udlo=16.89000000000011&_udhi=16.94000000000011&_sop=2&_ipg=200
2 Pcs Adapter Sensor Accelerator Remote Controller  For Nintendo Wii Motion Plus,16.88,333925960450,9 sold,SpringBlossoms,N/A,N/A,153400HF5BU4185,https://www.ebay.co.uk/sch/springblossoms-1/m.html?_nkw=&_armrs=1&_ipg=&_from=&_udlo=16.74000000000011&_udhi=16.79000000000011&_sop=2&_ipg=200
UK Gear Shifter Steering Wheel Shift Extension Paddle For Audi A3 A4 A5 Q5 Q7 TT,16.99,333934597408,N/A,SpringBlossoms,Gear Shifter  Paddle Audi,N/A,N/A,https://www.ebay.co.uk/sch/springblossoms-1/m.html?_nkw=&_armrs=1&_ipg=&_from=&_udlo=16.89000000000011&_udhi=16.94000000000011&_sop=2&_ipg=200
MASS AIR FLOW METER MAF SENSOR For FORD  MONDEO MK4 IV S-MAX 1.8 2.0 2.2 TDCi UK,16.99,333930918088,4 sold,Springblossoms,6C11-12B579-AA,"6C11-12B579-AA, 6C1112B579AA, 1376235, 8ET009142-581, 8ET009142581, 7.22184.24.0, 722184240, AFH70M-54, AFH70M54",N/A,https://www.ebay.co.uk/sch/springblossoms-1/m.html?_nkw=&_armrs=1&_ipg=&_from=&_udlo=16.89000000000011&_udhi=16.94000000000011&_sop=2&_ipg=200
VR Headset Bag Storage Waterproof EVA For Oculus Quest 2 VR Travel Carrying Case,16.68,333933414161,N/A,PAKASEPT,N/A,N/A,Does not apply,https://www.ebay.co.uk/sch/springblossoms-1/m.html?_nkw=&_armrs=1&_ipg=&_from=&_udlo=16.590000000000106&_udhi=16.640000000000107&_sop=2&_ipg=200
CRUISE CONTROL INDICATOR STALK SWITCH FOR VAUXHALL ASTRA H MK5 ZAFIRA B SPR,16.59,333928594551,3 sold,SpringBlossoms,13129642,13129642,N/A,https://www.ebay.co.uk/sch/springblossoms-1/m.html?_nkw=&_armrs=1&_ipg=&_from=&_udlo=16.490000000000105&_udhi=16.540000000000106&_sop=2&_ipg=200
Ignition Switch Door Lock Barrel Set 2 Keys #701837205 For VW T4 Transporter HOT,16.25,333925941861,2 sold,Springblossoms,701837205,N/A,N/A,https://www.ebay.co.uk/sch/springblossoms-1/m.html?_nkw=&_armrs=1&_ipg=&_from=&_udlo=16.1400000000001&_udhi=16.1900000000001&_sop=2&_ipg=200
DIESEL INJECTOR SEAL KIT w INJECTOR CLAMP BOLTS FOR FORD TRANSIT MK7 2.2 TDCi SP,16.29,333925919015,5 sold,SpringBlossoms,Does Not Apply,"6C1Q-6K780-AB, 6C1Q-9M577-AB, 1372494, 1378433, 6C1Q-9T558-AA, 1795871, 1673999, 6C1Q9T506AC, 1372386",N/A,https://www.ebay.co.uk/sch/springblossoms-1/m.html?_nkw=&_armrs=1&_ipg=&_from=&_udlo=16.1900000000001&_udhi=16.2400000000001&_sop=2&_ipg=200
Thermostat Housing For Opel Vauxhall Signum Astra G H Meriva Vectra C Zafira SPR,16.59,333934707773,N/A,SpringBlossoms,96984104,"96984104, 96414627 , 55578419 , 25189205 , 55564891",N/A,https://www.ebay.co.uk/sch/springblossoms-1/m.html?_nkw=&_armrs=1&_ipg=&_from=&_udlo=16.490000000000105&_udhi=16.540000000000106&_sop=2&_ipg=200
Fiat 500 Drivers Side Outer Door Handle (UK) - Chrome - Offside (OS) #735592012,16.59,333932130505,N/A,Springblossoms,"735592012, Fiat 500 Door Handle","735592012, 735485872",N/A,https://www.ebay.co.uk/sch/springblossoms-1/m.html?_nkw=&_armrs=1&_ipg=&_from=&_udlo=16.490000000000105&_udhi=16.540000000000106&_sop=2&_ipg=200
New Indicator Light Switch Stalk Peugeot 107 Citroen C1 Toyota Aygo 6253A0,16.39,333931152548,20 sold,SpringBlossoms,6253A0,"6253A0, 6253 A0, 6253.A0, 84140-0H010, 84140-0H020, 841400H020, 841400H010",N/A,https://www.ebay.co.uk/sch/springblossoms-1/m.html?_nkw=&_armrs=1&_ipg=&_from=&_udlo=16.290000000000102&_udhi=16.340000000000103&_sop=2&_ipg=200
3rd High Level Brake Light For VW Volkswagen Transporter T5 T6 Barn Door SPR,15.79,333934700002,N/A,SpringBlossoms,Does Not Apply,"7H0945097B, 7E0945097E, 7E0945097H",N/A,https://www.ebay.co.uk/sch/springblossoms-1/m.html?_nkw=&_armrs=1&_ipg=&_from=&_udlo=15.690000000000094&_udhi=15.740000000000094&_sop=2&_ipg=200
For MERCEDES-BENZ SPRINTER VW Electric Window Switch Button Console #A9065451513,15.88,333931020115,N/A,Springblossoms,SPRINTER Window Switch,9065451513,N/A,https://www.ebay.co.uk/sch/springblossoms-1/m.html?_nkw=&_armrs=1&_ipg=&_from=&_udlo=15.790000000000095&_udhi=15.840000000000096&_sop=2&_ipg=200
For Land Rover Discovery 3 Range Rover Sport Remote Flip Key Fob 3 Button 433Mhz,15.88,333933393493,5 sold,Springblossoms,Key MHZ Land Rover,N/A,Does not apply,https://www.ebay.co.uk/sch/springblossoms-1/m.html?_nkw=&_armrs=1&_ipg=&_from=&_udlo=15.790000000000095&_udhi=15.840000000000096&_sop=2&_ipg=200
3 Button 433MHz ID83 Chip Replace Remote Fob Key For Ford Focus Mondeo Fiesta UK,15.99,333934706120,1 sold,Springblossoms,Key Ford Focus 433Mhz,N/A,N/A,https://www.ebay.co.uk/sch/springblossoms-1/m.html?_nkw=&_armrs=1&_ipg=&_from=&_udlo=15.890000000000096&_udhi=15.940000000000097&_sop=2&_ipg=200
New 13228877 Electric Window Master Control Switch For Vauxhall Astra H Zafira B,15.66,333934589353,N/A,Springblossoms,13228877,N/A,N/A,https://www.ebay.co.uk/sch/springblossoms-1/m.html?_nkw=&_armrs=1&_ipg=&_from=&_udlo=15.540000000000092&_udhi=15.590000000000092&_sop=2&_ipg=200
for Focus RS MK2 style ABS plastic bonnet vents *FORD PROFILE* universal SPR,15.29,333934660446,N/A,SpringBlossoms,Does Not Apply,N/A,N/A,https://www.ebay.co.uk/sch/springblossoms-1/m.html?_nkw=&_armrs=1&_ipg=&_from=&_udlo=15.190000000000087&_udhi=15.240000000000087&_sop=2&_ipg=200
FOR PEUGEOT 207 ELECTRIC POWER WINDOW MASTER CONTROL SWITCH 6554QC RIGHT UK Ship,15.28,333925864774,6 sold,Springblossoms,6554.QC,N/A,N/A,https://www.ebay.co.uk/sch/springblossoms-1/m.html?_nkw=&_armrs=1&_ipg=&_from=&_udlo=15.190000000000087&_udhi=15.240000000000087&_sop=2&_ipg=200
"Ignition Module Coil Assembly Fits For Stihl MS171, MS181 And MS211 Chainsaw UK",15.48,333929801087,2 sold,Springblossoms,N/A,N/A,1139 400 1307,https://www.ebay.co.uk/sch/springblossoms-1/m.html?_nkw=&_armrs=1&_ipg=&_from=&_udlo=15.39000000000009&_udhi=15.44000000000009&_sop=2&_ipg=200
NEW FOR NISSAN NAVARA DRIVER SIDE RH POWER WINDOW SWITCH CONSOLE #25401-EB30B UK,14.66,333926945469,5 sold,Springblossoms,XhZ1123912,"25401-EB30B, 25401EB30B",N/A,https://www.ebay.co.uk/sch/springblossoms-1/m.html?_nkw=&_armrs=1&_ipg=&_from=&_udlo=14.590000000000078&_udhi=14.640000000000079&_sop=2&_ipg=200
For Ford Transit Rear Door Lower Latch Lock Cable LH Near Side Mk6 Mk7 2000-2014,14.98,333932187398,2 sold,Springblossoms,1494102,1494102,N/A,https://www.ebay.co.uk/sch/springblossoms-1/m.html?_nkw=&_armrs=1&_ipg=&_from=&_udlo=14.890000000000082&_udhi=14.940000000000083&_sop=2&_ipg=200
TAILGATE RELEASE HANDLE SWITCH & WIRING FOR LAND ROVER FREELANDER 2 2006>2014 SP,14.99,333930902798,N/A,SpringBlossoms,LR020997,"LR020997, LR042648",N/A,https://www.ebay.co.uk/sch/springblossoms-1/m.html?_nkw=&_armrs=1&_ipg=&_from=&_udlo=14.890000000000082&_udhi=14.940000000000083&_sop=2&_ipg=200
FOR Vauxhall Vivaro B Trafic III Rear Back Door Handle Outer Kit 95518889 SPR,14.99,333928640778,3 sold,SpringBlossoms,95518889,[[OEM]],N/A,https://www.ebay.co.uk/sch/springblossoms-1/m.html?_nkw=&_armrs=1&_ipg=&_from=&_udlo=14.890000000000082&_udhi=14.940000000000083&_sop=2&_ipg=200
Rear Tailgate Window Key Button Micro Switch Fit BMW E46 E91 E61 61319200673 SPR,14.79,333925922147,5 sold,SpringBlossoms,61319200673,"61319218995, 9168129, 9218995, 61319168129, 9187013, 61318385694, 8385694, 61319200673, 9200673, 61319187013, 61319194825, 61318378939",N/A,https://www.ebay.co.uk/sch/springblossoms-1/m.html?_nkw=&_armrs=1&_ipg=&_from=&_udlo=14.69000000000008&_udhi=14.74000000000008&_sop=2&_ipg=200
Car Inner Door Handle Cover Front Left Rear For Nissan Navara D40 Pathfinder R51,14.59,333928657822,N/A,SpringBlossoms,Does not apply,80671-4X02B 806714X02B,N/A,https://www.ebay.co.uk/sch/springblossoms-1/m.html?_nkw=&_armrs=1&_ipg=&_from=&_udlo=14.490000000000077&_udhi=14.540000000000077&_sop=2&_ipg=200
4 Button Flip Remote Key Fob & 433MHz Chip Blade For Jaguar X Type S Type XJ XJR,14.85,333929773773,N/A,Springblossoms,Jaguar Remote Key MHz,N/A,Does not apply,https://www.ebay.co.uk/sch/springblossoms-1/m.html?_nkw=&_armrs=1&_ipg=&_from=&_udlo=14.74000000000008&_udhi=14.79000000000008&_sop=2&_ipg=200
NEW FOR NISSAN NAVARA DRIVER SIDE RH POWER WINDOW SWITCH CONSOLE #25401-EB30B UK,14.66,333926945469,5 sold,Springblossoms,XhZ1123912,"25401-EB30B, 25401EB30B",N/A,https://www.ebay.co.uk/sch/springblossoms-1/m.html?_nkw=&_armrs=1&_ipg=&_from=&_udlo=14.540000000000077&_udhi=14.590000000000078&_sop=2&_ipg=200
Right Electric Power Window Switch Driver Side For MAZDA 323F & BONGO 94-98 SPR,14.88,333928693082,4 sold,SpringBlossoms,Does Not Apply,"S09A-66-350A09,IWSMZ008,513782RD",N/A,https://www.ebay.co.uk/sch/springblossoms-1/m.html?_nkw=&_armrs=1&_ipg=&_from=&_udlo=14.79000000000008&_udhi=14.840000000000082&_sop=2&_ipg=200
FOR VAUXHALL VIVARO RENAULT OPEL MOVANO IGNITION LOCK BARREL SWITCH 98-10 2 KEYS,14.48,333932196432,3 sold,Springblossoms,"7701038365,7701203147","7701038365,7701203147",N/A,https://www.ebay.co.uk/sch/springblossoms-1/m.html?_nkw=&_armrs=1&_ipg=&_from=&_udlo=14.390000000000075&_udhi=14.440000000000076&_sop=2&_ipg=200
For Dacia Duster Sandero Lodgy Logan Steering Column Indicator Stalk Switch SPR,14.29,333934707353,N/A,SpringBlossoms,Does Not Apply,8201167988,N/A,https://www.ebay.co.uk/sch/springblossoms-1/m.html?_nkw=&_armrs=1&_ipg=&_from=&_udlo=14.190000000000072&_udhi=14.240000000000073&_sop=2&_ipg=200
NEW 1 Set For Range Rover L322 Tailgate Strap Support Cable LR038051 LR017462 UK,14.08,333927234160,3 sold,Springblossoms,LR038051,LR038051,N/A,https://www.ebay.co.uk/sch/springblossoms-1/m.html?_nkw=&_armrs=1&_ipg=&_from=&_udlo=13.99000000000007&_udhi=14.04000000000007&_sop=2&_ipg=200
Link 5M USB 3.2 Cable Data Line Type C Cable Steam VR Cable For Oculus Quest 2 A,13.99,333932219320,1 sold,Springblossoms,N/A,N/A,Does not apply,https://www.ebay.co.uk/sch/springblossoms-1/m.html?_nkw=&_armrs=1&_ipg=&_from=&_udlo=13.99000000000007&_udhi=14.04000000000007&_sop=2&_ipg=200
For Vauxhall Astra H & Zafira B Front Door Power Electric Window Switch 13228879,13.84,333925990214,4 sold,Springblossoms,13228879,13228879,13228879,https://www.ebay.co.uk/sch/springblossoms-1/m.html?_nkw=&_armrs=1&_ipg=&_from=&_udlo=13.740000000000066&_udhi=13.790000000000067&_sop=2&_ipg=200
Link 5M USB 3.2 Cable Data Line Type C Cable Steam VR Cable For Oculus Quest 2 A,13.99,333932219320,1 sold,Springblossoms,N/A,N/A,Does not apply,https://www.ebay.co.uk/sch/springblossoms-1/m.html?_nkw=&_armrs=1&_ipg=&_from=&_udlo=13.940000000000069&_udhi=13.99000000000007&_sop=2&_ipg=200
FOR Nissan Navara D40 Pathfinder R51 Right Drivers Inner Interior Door Handle SP,13.99,333928660013,2 sold,SpringBlossoms,"80670-9BK0A, 80670-4X02B, 806704X02B","80670-4X02B, 806704X02B, 80670-9BK0A",N/A,https://www.ebay.co.uk/sch/springblossoms-1/m.html?_nkw=&_armrs=1&_ipg=&_from=&_udlo=13.890000000000068&_udhi=13.940000000000069&_sop=2&_ipg=200
Charger for Vax Blade TBT3V1B1 32V CordlessPro Stick Vacuum Cleaner 34V 600mA UK,13.85,333932216085,1 sold,Springblossoms,N/A,N/A,Does not apply,https://www.ebay.co.uk/sch/springblossoms-1/m.html?_nkw=&_armrs=1&_ipg=&_from=&_udlo=13.740000000000066&_udhi=13.790000000000067&_sop=2&_ipg=200
new FOR CITROEN C4 (GRAND) PICASSO HANDBRAKE SWITCH 470702 470706 SPR,13.59,333925924766,1 sold,SpringBlossoms,470702,"470706, 470702",N/A,https://www.ebay.co.uk/sch/springblossoms-1/m.html?_nkw=&_armrs=1&_ipg=&_from=&_udlo=13.490000000000062&_udhi=13.540000000000063&_sop=2&_ipg=200
4L0862153D For Audi A3 A6 A7 C7 Q3 Q7 Fuel Flap Door Release Lock Actuator Motor,13.59,333934712792,N/A,SpringBlossoms,4L0862153D,4L0862153D,N/A,https://www.ebay.co.uk/sch/springblossoms-1/m.html?_nkw=&_armrs=1&_ipg=&_from=&_udlo=13.490000000000062&_udhi=13.540000000000063&_sop=2&_ipg=200
For Vauxhall Meriva B 10- Tailgate Boot Trunk Release Opening Switch 13422271 SP,13.59,333934684185,N/A,SpringBlossoms,Does Not Apply,"12 41 460,13422271",N/A,https://www.ebay.co.uk/sch/springblossoms-1/m.html?_nkw=&_armrs=1&_ipg=&_from=&_udlo=13.490000000000062&_udhi=13.540000000000063&_sop=2&_ipg=200
Boot Lid Tailgate Push Button Release Switch FOR BMW 1 3 5 series 51247118158 SP,13.59,333928623058,4 sold,SpringBlossoms,"51 24 7 118 158,51247118158,7118158",N/A,N/A,https://www.ebay.co.uk/sch/springblossoms-1/m.html?_nkw=&_armrs=1&_ipg=&_from=&_udlo=13.490000000000062&_udhi=13.540000000000063&_sop=2&_ipg=200
6X 33 MM SWIRL FLAPS REPAIR BLANKS KIT INTAKE GASKETS FOR BMW DIESEL SPR,13.59,333928598612,2 sold,SpringBlossoms,Does Not Apply,11617790198,N/A,https://www.ebay.co.uk/sch/springblossoms-1/m.html?_nkw=&_armrs=1&_ipg=&_from=&_udlo=13.490000000000062&_udhi=13.540000000000063&_sop=2&_ipg=200
NEW Right Side Mirror Indicator Turn Signal Light For Mercedes W204 W212 W221,13.99,333932199863,N/A,Springblossoms,Does Not Apply,"Car Wing door mirror cover, Replacement",N/A,https://www.ebay.co.uk/sch/springblossoms-1/m.html?_nkw=&_armrs=1&_ipg=&_from=&_udlo=13.890000000000068&_udhi=13.940000000000069&_sop=2&_ipg=200
NEW Left Side Mirror Indicator LED Turn Signal Light For Benz W204 W212 W221 UK,13.99,333934579800,N/A,Springblossoms,"Signal light Mercedes-Benz, Signal light Benz W204",N/A,N/A,https://www.ebay.co.uk/sch/springblossoms-1/m.html?_nkw=&_armrs=1&_ipg=&_from=&_udlo=13.890000000000068&_udhi=13.940000000000069&_sop=2&_ipg=200
For Audi A3 8P ARM REST UK Armrest Lid Cover W/ Latch Clip Catch Centre Console,13.99,333929527834,N/A,Springblossoms,8P0864245,8P0864245P,N/A,https://www.ebay.co.uk/sch/springblossoms-1/m.html?_nkw=&_armrs=1&_ipg=&_from=&_udlo=13.890000000000068&_udhi=13.940000000000069&_sop=2&_ipg=200
NEW For VW T5 T5.1 Transporter Extra Cab Door Seal Upgrade 16 x 16mm SPR,12.99,333925893895,N/A,SpringBlossoms,Does Not Apply,N/A,N/A,https://www.ebay.co.uk/sch/springblossoms-1/m.html?_nkw=&_armrs=1&_ipg=&_from=&_udlo=12.890000000000054&_udhi=12.940000000000055&_sop=2&_ipg=200
Master Power Window Control Switch For VW Golf GTI MK7 Passat B8 Tiguan Touran A,12.99,333925861968,14 sold,Springblossoms,5G0959857C,5GG959857A,N/A,https://www.ebay.co.uk/sch/springblossoms-1/m.html?_nkw=&_armrs=1&_ipg=&_from=&_udlo=12.990000000000055&_udhi=13.040000000000056&_sop=2&_ipg=200
57450-SMG-E01 Wheel Speed Sensor Front Right ABS Sensor For Honda Civic 2006 -12,12.99,333933395487,N/A,SpringBlossoms,57450-SMG-E01,N/A,N/A,https://www.ebay.co.uk/sch/springblossoms-1/m.html?_nkw=&_armrs=1&_ipg=&_from=&_udlo=12.890000000000054&_udhi=12.940000000000055&_sop=2&_ipg=200
FOR VW TRANSPORTER T4 1992-2003 EUROVAN CAR AERIAL ANTENNA #701051503B UK STOCK,12.99,333933376836,N/A,Springblossoms,701051503B,"701051503B , 701-051-503/B , 701 051 503B",N/A,https://www.ebay.co.uk/sch/springblossoms-1/m.html?_nkw=&_armrs=1&_ipg=&_from=&_udlo=12.890000000000054&_udhi=12.940000000000055&_sop=2&_ipg=200
FOR ALFA ROMEO RADIATOR FAN CONTROL MODULE 159 940002904 940002906 940004702,12.99,333929821485,N/A,SpringBlossoms,USBXR9,"940002904, 940.0029.04, 940002903, 940.0029.03, 940002906, 940.0029.06, 940004701, 940.0047.01, 940004702, 940.0047.02, 940007403, 940.0074.03, 940009301, 940.0093.01, 940009701,940.0097.01, 6W1Z8B658AC, 6W1Z-8B658-AC, M519A819AA,4M51-9A819-AA, 902-209,902209,94000970,132225, For FORD Focus, Galaxy, Kuga I,, Mondeo, S-Max  c-max, for volvo C30  C70 S40 V50  s80, XC60    XC90 control module, RADIATOR FAN MODULE CONTROL MODULE",N/A,https://www.ebay.co.uk/sch/springblossoms-1/m.html?_nkw=&_armrs=1&_ipg=&_from=&_udlo=12.890000000000054&_udhi=12.940000000000055&_sop=2&_ipg=200
FOR Vauxhall VIVARO A - HEATER BLOWER FAN RESISTOR - NEW - OEM - 93161217 SPR,12.99,333928552523,N/A,SpringBlossoms,93161217,"93161217, 4413393, 44 13 393",N/A,https://www.ebay.co.uk/sch/springblossoms-1/m.html?_nkw=&_armrs=1&_ipg=&_from=&_udlo=12.890000000000054&_udhi=12.940000000000055&_sop=2&_ipg=200
For VW Audi Seat Skoda 1.8T 20V Valve Rocker Cover Gasket 058198025A 058103484A,12.99,333927063908,N/A,Springblossoms,058198025A,"058103484A, 058198012,058198025A, 058 103 484 A, 058 198 012",N/A,https://www.ebay.co.uk/sch/springblossoms-1/m.html?_nkw=&_armrs=1&_ipg=&_from=&_udlo=12.890000000000054&_udhi=12.940000000000055&_sop=2&_ipg=200
New Locking Fuel Cap Petrol + Two Keys For Ford Transit MK7 2006-2018 / 1715043,13.28,333925916038,5 sold,Springblossoms,1715043,"1715043,9C119K163AA",N/A,https://www.ebay.co.uk/sch/springblossoms-1/m.html?_nkw=&_armrs=1&_ipg=&_from=&_udlo=13.190000000000058&_udhi=13.240000000000059&_sop=2&_ipg=200
For Vauxhall Bosch Petrol Evaporation Control Purge Solenoid Valve 55566514 UK,12.99,333925980459,1 sold,Springblossoms,"55566514, 0280142486","55566514,0280142487",N/A,https://www.ebay.co.uk/sch/springblossoms-1/m.html?_nkw=&_armrs=1&_ipg=&_from=&_udlo=12.890000000000054&_udhi=12.940000000000055&_sop=2&_ipg=200
Ignition Switch + Lock Barrel + 2 KEYS For FORD Transit Focus Mondeo Fiesta SPR,12.88,333929872007,N/A,SpringBlossoms,Does Not Apply,"4355452, 717444389, 1022461, 98AB11572BG, 2S61A3697AA, 1677531, AA6T11572AA, 1363940",N/A,https://www.ebay.co.uk/sch/springblossoms-1/m.html?_nkw=&_armrs=1&_ipg=&_from=&_udlo=12.790000000000052&_udhi=12.840000000000053&_sop=2&_ipg=200
12V Oil Fuel Pump Heater Set Car Air Diesel For 1 5KW Webasto Eberspacher SPR,12.88,333925955132,7 sold,SpringBlossoms,Does Not Apply,N/A,N/A,https://www.ebay.co.uk/sch/springblossoms-1/m.html?_nkw=&_armrs=1&_ipg=&_from=&_udlo=12.790000000000052&_udhi=12.840000000000053&_sop=2&_ipg=200
FOR FORD TRANSIT MK6 FRONT RIGHT DRIVER SIDE DOOR LOCK BARREL 2 KEYS 4060638 SP,12.88,333928473633,10 sold,SpringBlossoms,KgN5487645,N/A,N/A,https://www.ebay.co.uk/sch/springblossoms-1/m.html?_nkw=&_armrs=1&_ipg=&_from=&_udlo=12.790000000000052&_udhi=12.840000000000053&_sop=2&_ipg=200
New Tailgate Release Handle Switch FOR Land Rover DISCOVERY 3 & 4 SPR LR015457,12.59,333928569152,3 sold,SpringBlossoms,LR015457,N/A,N/A,https://www.ebay.co.uk/sch/springblossoms-1/m.html?_nkw=&_armrs=1&_ipg=&_from=&_udlo=12.490000000000048&_udhi=12.540000000000049&_sop=2&_ipg=200
Hand Brake Lever Handle Release Hook Cable For Ford S-Max Ford Galaxy 2006-2015,12.66,333933400756,N/A,Springblossoms,5900926,5900926,N/A,https://www.ebay.co.uk/sch/springblossoms-1/m.html?_nkw=&_armrs=1&_ipg=&_from=&_udlo=12.59000000000005&_udhi=12.64000000000005&_sop=2&_ipg=200
NEW Rear Brake Light Lamp For VW Caddy 3rd Center Centre High Level 2004-15 SPR,12.59,333934696748,N/A,SpringBlossoms,"2K0945087A, 2K0945087B, 2K0945087C","2K0945087，2K0945087A，2K0945087B, 2K0945087C，2K0945087E，2K0945087F",N/A,https://www.ebay.co.uk/sch/springblossoms-1/m.html?_nkw=&_armrs=1&_ipg=&_from=&_udlo=12.490000000000048&_udhi=12.540000000000049&_sop=2&_ipg=200
Swirl Flap Blanks Repair Kit Manifold Gaskets For BMW E46 520d 120d 320d 6X 22mm,12.59,333928604233,N/A,SpringBlossoms,Does not apply,N/A,N/A,https://www.ebay.co.uk/sch/springblossoms-1/m.html?_nkw=&_armrs=1&_ipg=&_from=&_udlo=12.490000000000048&_udhi=12.540000000000049&_sop=2&_ipg=200
Inner Interior Car Door Handle Front Right For SEAT Ibiza 2009-2012 #6J0837114A,12.69,333927024137,3 sold,Springblossoms,uRP8121372,6J0837114A,N/A,https://www.ebay.co.uk/sch/springblossoms-1/m.html?_nkw=&_armrs=1&_ipg=&_from=&_udlo=12.59000000000005&_udhi=12.64000000000005&_sop=2&_ipg=200
51167118064 FOR BMW Centre Armrest Storage Insert Tray 3 Series E90/91/92/93,12.68,333934653342,N/A,SpringBlossoms,51167118064,"51167118064,51 16 7 118 064",N/A,https://www.ebay.co.uk/sch/springblossoms-1/m.html?_nkw=&_armrs=1&_ipg=&_from=&_udlo=12.59000000000005&_udhi=12.64000000000005&_sop=2&_ipg=200
2 Wires Whilst Soldering Steel Laser Tools Soldering Aid Pliers Tool To Hold SPR,12.29,333925966870,N/A,SpringBlossoms,N/A,N/A,Does Not Apply,https://www.ebay.co.uk/sch/springblossoms-1/m.html?_nkw=&_armrs=1&_ipg=&_from=&_udlo=12.190000000000044&_udhi=12.240000000000045&_sop=2&_ipg=200
2 Wires Whilst Soldering Steel Laser Tools Soldering Aid Pliers Tool To Hold SPR,12.29,333925966870,N/A,SpringBlossoms,N/A,N/A,Does Not Apply,https://www.ebay.co.uk/sch/springblossoms-1/m.html?_nkw=&_armrs=1&_ipg=&_from=&_udlo=12.290000000000045&_udhi=12.340000000000046&_sop=2&_ipg=200
For Mercedes Sprinter VW Crafter Sliding Door Handle W906 Left Side N/S 2006 On,11.88,333926955776,10 sold,Springblossoms,"9067600170,Outer Sliding Door Handle, w906",N/A,N/A,https://www.ebay.co.uk/sch/springblossoms-1/m.html?_nkw=&_armrs=1&_ipg=&_from=&_udlo=11.790000000000038&_udhi=11.840000000000039&_sop=2&_ipg=200
Smoked LED Tailgate 3rd Brake Stop Light 7E0945097A For 03-15 VW Transporter T5,12.08,333927057507,3 sold,Springblossoms,Does Not Apply,"7E0945097A, 7E0945097C",N/A,https://www.ebay.co.uk/sch/springblossoms-1/m.html?_nkw=&_armrs=1&_ipg=&_from=&_udlo=11.990000000000041&_udhi=12.040000000000042&_sop=2&_ipg=200
New For Ford Transit MK8 Wing Mirror Indicator Clear Lens Cover Left + Right Set,11.98,333932190054,N/A,Springblossoms,FH3321198,"BK31-13B382-AB, BK3113B382AB, 1847387, 1847389",N/A,https://www.ebay.co.uk/sch/springblossoms-1/m.html?_nkw=&_armrs=1&_ipg=&_from=&_udlo=11.89000000000004&_udhi=11.94000000000004&_sop=2&_ipg=200
82PCS Cake Decorating Set Tool Spatula Rotating Stand Nozzles Kit SPR *UK STOCK*,11.99,333925964852,N/A,SpringBlossoms,N/A,N/A,Does not apply,https://www.ebay.co.uk/sch/springblossoms-1/m.html?_nkw=&_armrs=1&_ipg=&_from=&_udlo=11.89000000000004&_udhi=11.94000000000004&_sop=2&_ipg=200
NEW 1235053 ABS SENSOR FRONT LEFT RIGHT For OPEL VAUXHALL INSIGNIA SAAB 9-5 UK,11.99,333929509203,N/A,Springblossoms,1235053,"1235053, 1235326, 12841616, 12848538,, 24.0711-5349.3",N/A,https://www.ebay.co.uk/sch/springblossoms-1/m.html?_nkw=&_armrs=1&_ipg=&_from=&_udlo=11.89000000000004&_udhi=11.94000000000004&_sop=2&_ipg=200
*RHD* FOR FORD MONDEO MK3 01-07 GLOVE BOX CATCH LOCK ASSY HANDLE SPR,11.99,333934675129,N/A,SpringBlossoms,Does not apply,N/A,N/A,https://www.ebay.co.uk/sch/springblossoms-1/m.html?_nkw=&_armrs=1&_ipg=&_from=&_udlo=11.89000000000004&_udhi=11.94000000000004&_sop=2&_ipg=200
Electric Power Window Control Switch 1459686 For Ford Fiesta Transit MK7 Connect,11.99,333927022904,5 sold,SpringBlossoms,"1459686, 6S6T14529AB","1459686, 6S6T14529AB",N/A,https://www.ebay.co.uk/sch/springblossoms-1/m.html?_nkw=&_armrs=1&_ipg=&_from=&_udlo=11.89000000000004&_udhi=11.94000000000004&_sop=2&_ipg=200
2X DYNAMIC FLOWING SEQUENTIAL LED BLACK SMOKED SIDE REPEATERS INDICATORS For VW,11.99,333925956737,10 sold,SpringBlossoms,Does Not Apply,"4M5A13K309AA YM2113K309AB YM2113K309AA 14805294, 1J5949117 1J0949117 1125197 1108914 95VW-13K309-BA, 99VW-13K309-AA ST0334041 ST0524141 ST5204141, SVW126000UE 95393158 F02244331 VW0204141 VW0214141, VW0214143 VW0344040 VG0214141 VG0214143 VG0534143, VG0814042 VW0344141 VG9174041 VW0524042 VW0534141, VW0534143 VW0814042 VW9174041 3B0949117 3B0949117C, 3B0949117A 3B0949117B 3A0949117 3A0949101A 1091798, 3A0949117A 3A0949117B 3A0949101B 6L0949117A 542005, 1M0949117B 7271695 7203380 4360568 1400780C, 14024657 180237059 180605112 2246078 25470120, 3094901171J0 3103127 3107127 3111127 3103802, 3411407 4012200 4053184062612 5410909202064, 5888913 66120600 715102120120 9549211 72656041, 8033533042881 8033533116858 8033533190940 95010620, 8717475062502 QF00200007, Dynamic Sweep Swipe Sequential Glow Flow Audi Fade, Black Tinted Smoked Orange Amber LED SMD Light, Repeater Side Marker Turn Signal Lense Flasher, T10 501 W5W 194 168 Wedge Canbus Error free OBC CE",N/A,https://www.ebay.co.uk/sch/springblossoms-1/m.html?_nkw=&_armrs=1&_ipg=&_from=&_udlo=11.89000000000004&_udhi=11.94000000000004&_sop=2&_ipg=200
6 Speed For BMW X1 X3 E81 E87 E82 E46 E91 E92 Gear Shift Knob SPORT PU Leather A,11.99,333925949082,1 sold,Springblossoms,Gear Shift  BMW,N/A,N/A,https://www.ebay.co.uk/sch/springblossoms-1/m.html?_nkw=&_armrs=1&_ipg=&_from=&_udlo=11.89000000000004&_udhi=11.94000000000004&_sop=2&_ipg=200
Land Rover Discovery 3/4 LR3/LR4 tailgate boot trunk handle switch repair kit SP,11.59,333928610625,2 sold,SpringBlossoms,Does Not Apply,N/A,N/A,https://www.ebay.co.uk/sch/springblossoms-1/m.html?_nkw=&_armrs=1&_ipg=&_from=&_udlo=11.490000000000034&_udhi=11.540000000000035&_sop=2&_ipg=200
New Battery Cut Off Fuse Overload Protection Trip Fit Audi A4 5 6 Q5 7 4F0915519,11.59,333928654228,5 sold,SpringBlossoms,4F0915519,N/A,N/A,https://www.ebay.co.uk/sch/springblossoms-1/m.html?_nkw=&_armrs=1&_ipg=&_from=&_udlo=11.490000000000034&_udhi=11.540000000000035&_sop=2&_ipg=200
NEW Heater Blower Fan Resistor For Mercedes Viano (2003-) Vito SPR,11.39,333928551513,N/A,SpringBlossoms,SJHR78,"OE: 18358706, Heater Fan Speed Motor Resistor",N/A,https://www.ebay.co.uk/sch/springblossoms-1/m.html?_nkw=&_armrs=1&_ipg=&_from=&_udlo=11.290000000000031&_udhi=11.340000000000032&_sop=2&_ipg=200
Front Right Door Lock Barrel Cylinder For VW GOLF 4 IV MK4 Bora A6 SKODA FABIA,11.28,333929506337,2 sold,Springblossoms,Does Not Apply,N/A,N/A,https://www.ebay.co.uk/sch/springblossoms-1/m.html?_nkw=&_armrs=1&_ipg=&_from=&_udlo=11.19000000000003&_udhi=11.24000000000003&_sop=2&_ipg=200
433Mhz 12V 4CH Channel Wireless Remote Control Switch With 2 Transmitter 10A SPR,11.29,333925953730,1 sold,SpringBlossoms,Mpg1426512,N/A,/,https://www.ebay.co.uk/sch/springblossoms-1/m.html?_nkw=&_armrs=1&_ipg=&_from=&_udlo=11.19000000000003&_udhi=11.24000000000003&_sop=2&_ipg=200
6 Speed Universal Manual Car Gear Shift Knob Shifter Lever Black PU Leather UK,10.88,333927116074,1 sold,Springblossoms,6 Speed Universal Gear knob,N/A,N/A,https://www.ebay.co.uk/sch/springblossoms-1/m.html?_nkw=&_armrs=1&_ipg=&_from=&_udlo=10.790000000000024&_udhi=10.840000000000025&_sop=2&_ipg=200
2x LED Side Under Mirror Puddle Light For VW CC Eos assat B7 Alltrack Saloon SPR,10.99,333928483050,N/A,SpringBlossoms,Does Not Apply,3C8949101，3C8949101D，3C8949101A，3C8949101E,N/A,https://www.ebay.co.uk/sch/springblossoms-1/m.html?_nkw=&_armrs=1&_ipg=&_from=&_udlo=10.890000000000025&_udhi=10.940000000000026&_sop=2&_ipg=200
185mm Replacement V6 Roller Brush Bar For Dyson V6 DC59 SV03 DC62 Vacuum Cleaner,10.66,333930950154,1 sold,Springblossoms,N/A,N/A,963830-01,https://www.ebay.co.uk/sch/springblossoms-1/m.html?_nkw=&_armrs=1&_ipg=&_from=&_udlo=10.590000000000021&_udhi=10.640000000000022&_sop=2&_ipg=200
For Mercedes-Benz OM642 Turbo Intake Seal Kit A6420940080 Engine Parts UK Ship,10.66,333930860546,N/A,Springblossoms,"A6420940580, A6420940080",N/A,N/A,https://www.ebay.co.uk/sch/springblossoms-1/m.html?_nkw=&_armrs=1&_ipg=&_from=&_udlo=10.590000000000021&_udhi=10.640000000000022&_sop=2&_ipg=200
LED Licence Number Plate Light For Ford Fiesta Focus Mondeo C-Max Jaguar XJ XF,10.59,333925951262,13 sold,SpringBlossoms,542119,"6M2Z13550A, 6M2A13550AA, 6M2A13550AB, 6M2A13550AC, C2D16179, 5105886, 1423046, 1504964",N/A,https://www.ebay.co.uk/sch/springblossoms-1/m.html?_nkw=&_armrs=1&_ipg=&_from=&_udlo=10.49000000000002&_udhi=10.54000000000002&_sop=2&_ipg=200
FOR VW TRANSPORTER T5 T6 CARAVELLE CADDY VAN GLOSS BLACK DOOR HANDLE COVERS SPR,10.89,333934715416,N/A,SpringBlossoms,Does Not Apply,ASW938245,N/A,https://www.ebay.co.uk/sch/springblossoms-1/m.html?_nkw=&_armrs=1&_ipg=&_from=&_udlo=10.790000000000024&_udhi=10.840000000000025&_sop=2&_ipg=200
For Ford Transit LED License Plate Light Rear Number Plate Lamp MK6 MK7 1 Pair A,10.88,333932272590,2 sold,SpringBlossoms,Number Plate Light TRANSIT,"4388111, 6161387",N/A,https://www.ebay.co.uk/sch/springblossoms-1/m.html?_nkw=&_armrs=1&_ipg=&_from=&_udlo=10.790000000000024&_udhi=10.840000000000025&_sop=2&_ipg=200
225mm Replacement V6 Roller Brush Bar For Dyson DC59 V6 Animal Vacuum Cleaner UK,10.88,333930951719,N/A,For Dyson,N/A,N/A,Does Not Apply,https://www.ebay.co.uk/sch/springblossoms-1/m.html?_nkw=&_armrs=1&_ipg=&_from=&_udlo=10.790000000000024&_udhi=10.840000000000025&_sop=2&_ipg=200
1982A0 198299 For PEUGEOT CITROEN 1.6HDI DIESEL INJECTOR SEALS WASHER O Ring KIT,10.75,333933410515,N/A,Springblossoms,"1318562,1314368,1317370,1373550","1233683,1250976,1432205,1441256",N/A,https://www.ebay.co.uk/sch/springblossoms-1/m.html?_nkw=&_armrs=1&_ipg=&_from=&_udlo=10.690000000000023&_udhi=10.740000000000023&_sop=2&_ipg=200
One Pair Headlight Washer Cover Cap for BMW 3 E92 Passenger Driver Side L&R,10.29,333925908802,N/A,SpringBlossoms,"61 67 7 171 659,61 67 7 171 660","61 67 7 171 659, 61 67 7 171 660, 61677171659, 61677171660",N/A,https://www.ebay.co.uk/sch/springblossoms-1/m.html?_nkw=&_armrs=1&_ipg=&_from=&_udlo=10.190000000000015&_udhi=10.240000000000016&_sop=2&_ipg=200
6pcs /set Carbon Fiber Door Handle Covers For VAN CARAVELLE T5/T6 VW TRANSPORTER,10.59,333934716887,N/A,SpringBlossoms,Does Not Apply,LAS938241,N/A,https://www.ebay.co.uk/sch/springblossoms-1/m.html?_nkw=&_armrs=1&_ipg=&_from=&_udlo=10.49000000000002&_udhi=10.54000000000002&_sop=2&_ipg=200
One Pair Headlight Washer Cover Cap for BMW 3 E92 Passenger Driver Side L&R,10.29,333925908802,N/A,SpringBlossoms,"61 67 7 171 659,61 67 7 171 660","61 67 7 171 659, 61 67 7 171 660, 61677171659, 61677171660",N/A,https://www.ebay.co.uk/sch/springblossoms-1/m.html?_nkw=&_armrs=1&_ipg=&_from=&_udlo=10.240000000000016&_udhi=10.290000000000017&_sop=2&_ipg=200
Boot Tailgate Release Switch Button Fits Renault Megane MK2 MK3 8200076256 SPR,10.59,333934654867,N/A,SpringBlossoms,Does Not Apply,8200076256,N/A,https://www.ebay.co.uk/sch/springblossoms-1/m.html?_nkw=&_armrs=1&_ipg=&_from=&_udlo=10.49000000000002&_udhi=10.54000000000002&_sop=2&_ipg=200
Rocker Cover Gasket RK4327 BGA 11129070990 Top Quality Guaranteed SPR,10.59,333928697615,N/A,SpringBlossoms,RK4327,"AJUSA: 56027600, BMW: 11129070990, ELRING: 318.59, FAI AutoParts: RC1100S, FEBI BILSTEIN: 12175, 27493, GLASER: V36012-00, GOETZE: 24-29076-00/0, PAYEN: HM5069, SWAG: 20912175, VICTOR REINZ: 15-33077-01",RK4327,https://www.ebay.co.uk/sch/springblossoms-1/m.html?_nkw=&_armrs=1&_ipg=&_from=&_udlo=10.49000000000002&_udhi=10.54000000000002&_sop=2&_ipg=200
433MHz Remote Key Fob Chip 3 Button For Ford Focus/2005 2006 2007 2008 2009 2010,10.48,333933348241,N/A,Springblossoms,Does not apply,N/A,Does not apply,https://www.ebay.co.uk/sch/springblossoms-1/m.html?_nkw=&_armrs=1&_ipg=&_from=&_udlo=10.390000000000018&_udhi=10.440000000000019&_sop=2&_ipg=200
Licence Number Plate Light LED For Kuga Mondeo Jaguar Ford Fiesta Focus MK C-Max,9.99,333925950032,11 sold,SpringBlossoms,Does Not Apply,6M2A-13550-AA,N/A,https://www.ebay.co.uk/sch/springblossoms-1/m.html?_nkw=&_armrs=1&_ipg=&_from=&_udlo=9.890000000000011&_udhi=9.940000000000012&_sop=2&_ipg=200
FOR FIAT 500 MIRROR ARM STEM COVER STEM CAP RIGHT DRIVER SIDE OFF SIDE BRAND SPR,9.99,333929515888,N/A,SpringBlossom,735450654,N/A,N/A,https://www.ebay.co.uk/sch/springblossoms-1/m.html?_nkw=&_armrs=1&_ipg=&_from=&_udlo=9.890000000000011&_udhi=9.940000000000012&_sop=2&_ipg=200
Licence Number Plate Light LED For Kuga Mondeo Jaguar Ford Fiesta Focus MK C-Max,9.99,333925950032,11 sold,SpringBlossoms,Does Not Apply,6M2A-13550-AA,N/A,https://www.ebay.co.uk/sch/springblossoms-1/m.html?_nkw=&_armrs=1&_ipg=&_from=&_udlo=9.940000000000012&_udhi=9.990000000000013&_sop=2&_ipg=200
NEW 2x LED License Number Plate Light For VW T5 Caddy Golf Jetta Passat Skoda UK,9.99,333932183871,N/A,Springblossoms,Does not apply,"3B5998026A, 3B5943021, 3B5943021B, 3B5943021D",N/A,https://www.ebay.co.uk/sch/springblossoms-1/m.html?_nkw=&_armrs=1&_ipg=&_from=&_udlo=9.890000000000011&_udhi=9.940000000000012&_sop=2&_ipg=200
For BMW License Number Plate Upgrade Modules LED Canbus Error Free Lights Bulbs,9.99,333931004878,N/A,Springblossoms,"Number Plate Light BMW 3, LICENSE NUMBER LIGHTS BMW",N/A,N/A,https://www.ebay.co.uk/sch/springblossoms-1/m.html?_nkw=&_armrs=1&_ipg=&_from=&_udlo=9.890000000000011&_udhi=9.940000000000012&_sop=2&_ipg=200
2LED License Number Plate Light Lamp Bulb VW Golf Touareg Passat Tiguan 5N White,9.99,333930941433,3 sold,Springblossoms,"95563162002, 95563162003, 95563162004",N/A,N/A,https://www.ebay.co.uk/sch/springblossoms-1/m.html?_nkw=&_armrs=1&_ipg=&_from=&_udlo=9.890000000000011&_udhi=9.940000000000012&_sop=2&_ipg=200
Inner REAR DOOR HANDLE FOR FORD TRANSIT MK6 MK7 00-14 LEFT HAND SIDE 1494102 UK,9.99,333930864688,4 sold,Springblossoms,1494102,N/A,N/A,https://www.ebay.co.uk/sch/springblossoms-1/m.html?_nkw=&_armrs=1&_ipg=&_from=&_udlo=9.890000000000011&_udhi=9.940000000000012&_sop=2&_ipg=200
FOR BMW N47 Intake Swirl Flap Delete Blank Plug Bung Metal w Manifold Gaskets SP,9.99,333928606946,5 sold,SpringBlossoms,Does Not Apply,N/A,N/A,https://www.ebay.co.uk/sch/springblossoms-1/m.html?_nkw=&_armrs=1&_ipg=&_from=&_udlo=9.890000000000011&_udhi=9.940000000000012&_sop=2&_ipg=200
12 LED Submersible Bubble Light Air Stone for Aquarium Fish Tank Pump Curtain UK,9.99,333927075304,N/A,Springblossoms,N/A,N/A,N/A,https://www.ebay.co.uk/sch/springblossoms-1/m.html?_nkw=&_armrs=1&_ipg=&_from=&_udlo=9.890000000000011&_udhi=9.940000000000012&_sop=2&_ipg=200
VAUXHALL SAAB ALFA ROMEO INLET MANIFOLD SWIRL FLAP BLANK DELETE 1.9 TiD JTD CDTi,9.99,333927049354,1 sold,SpringBlossoms,55206459,"55190238, 55194739, 55206460",N/A,https://www.ebay.co.uk/sch/springblossoms-1/m.html?_nkw=&_armrs=1&_ipg=&_from=&_udlo=9.890000000000011&_udhi=9.940000000000012&_sop=2&_ipg=200
NEW Right+Left Hand Front Seat Tilt Handles For FORD Fiesta MK6 2002-08 1417521,9.99,333926938952,14 sold,Springblossoms,Does Not Apply,N/A,N/A,https://www.ebay.co.uk/sch/springblossoms-1/m.html?_nkw=&_armrs=1&_ipg=&_from=&_udlo=9.890000000000011&_udhi=9.940000000000012&_sop=2&_ipg=200
NEW Right+Left Hand Front Seat Tilt Handles For FORD Fiesta MK6 2002-08 1417521,9.99,333926938952,14 sold,Springblossoms,Does Not Apply,N/A,N/A,https://www.ebay.co.uk/sch/springblossoms-1/m.html?_nkw=&_armrs=1&_ipg=&_from=&_udlo=9.940000000000012&_udhi=9.990000000000013&_sop=2&_ipg=200
NEW 2x LED License Number Plate Light For VW T5 Caddy Golf Jetta Passat Skoda UK,9.99,333932183871,N/A,Springblossoms,Does not apply,"3B5998026A, 3B5943021, 3B5943021B, 3B5943021D",N/A,https://www.ebay.co.uk/sch/springblossoms-1/m.html?_nkw=&_armrs=1&_ipg=&_from=&_udlo=9.940000000000012&_udhi=9.990000000000013&_sop=2&_ipg=200
For BMW License Number Plate Upgrade Modules LED Canbus Error Free Lights Bulbs,9.99,333931004878,N/A,Springblossoms,"Number Plate Light BMW 3, LICENSE NUMBER LIGHTS BMW",N/A,N/A,https://www.ebay.co.uk/sch/springblossoms-1/m.html?_nkw=&_armrs=1&_ipg=&_from=&_udlo=9.940000000000012&_udhi=9.990000000000013&_sop=2&_ipg=200
2LED License Number Plate Light Lamp Bulb VW Golf Touareg Passat Tiguan 5N White,9.99,333930941433,3 sold,Springblossoms,"95563162002, 95563162003, 95563162004",N/A,N/A,https://www.ebay.co.uk/sch/springblossoms-1/m.html?_nkw=&_armrs=1&_ipg=&_from=&_udlo=9.940000000000012&_udhi=9.990000000000013&_sop=2&_ipg=200
Inner REAR DOOR HANDLE FOR FORD TRANSIT MK6 MK7 00-14 LEFT HAND SIDE 1494102 UK,9.99,333930864688,4 sold,Springblossoms,1494102,N/A,N/A,https://www.ebay.co.uk/sch/springblossoms-1/m.html?_nkw=&_armrs=1&_ipg=&_from=&_udlo=9.940000000000012&_udhi=9.990000000000013&_sop=2&_ipg=200
FOR FIAT 500 MIRROR ARM STEM COVER STEM CAP RIGHT DRIVER SIDE OFF SIDE BRAND SPR,9.99,333929515888,N/A,SpringBlossom,735450654,N/A,N/A,https://www.ebay.co.uk/sch/springblossoms-1/m.html?_nkw=&_armrs=1&_ipg=&_from=&_udlo=9.940000000000012&_udhi=9.990000000000013&_sop=2&_ipg=200
FOR BMW N47 Intake Swirl Flap Delete Blank Plug Bung Metal w Manifold Gaskets SP,9.99,333928606946,5 sold,SpringBlossoms,Does Not Apply,N/A,N/A,https://www.ebay.co.uk/sch/springblossoms-1/m.html?_nkw=&_armrs=1&_ipg=&_from=&_udlo=9.940000000000012&_udhi=9.990000000000013&_sop=2&_ipg=200
VAUXHALL SAAB ALFA ROMEO INLET MANIFOLD SWIRL FLAP BLANK DELETE 1.9 TiD JTD CDTi,9.99,333927049354,1 sold,SpringBlossoms,55206459,"55190238, 55194739, 55206460",N/A,https://www.ebay.co.uk/sch/springblossoms-1/m.html?_nkw=&_armrs=1&_ipg=&_from=&_udlo=9.940000000000012&_udhi=9.990000000000013&_sop=2&_ipg=200
12 LED Submersible Bubble Light Air Stone for Aquarium Fish Tank Pump Curtain UK,9.99,333927075304,N/A,Springblossoms,N/A,N/A,N/A,https://www.ebay.co.uk/sch/springblossoms-1/m.html?_nkw=&_armrs=1&_ipg=&_from=&_udlo=9.940000000000012&_udhi=9.990000000000013&_sop=2&_ipg=200
Engraving Machine Extension Rod Metal Router Bits Cutting Collet Cutter Milling,8.69 to 10.08,333927059842,N/A,Springblossoms,N/A,N/A,Does Not Apply,https://www.ebay.co.uk/sch/springblossoms-1/m.html?_nkw=&_armrs=1&_ipg=&_from=&_udlo=9.990000000000013&_udhi=10.040000000000013&_sop=2&_ipg=200
NEW Right+Left Hand Front Seat Tilt Handles For FORD Fiesta MK6 2002-08 1417521,9.99,333926938952,14 sold,Springblossoms,Does Not Apply,N/A,N/A,https://www.ebay.co.uk/sch/springblossoms-1/m.html?_nkw=&_armrs=1&_ipg=&_from=&_udlo=9.990000000000013&_udhi=10.040000000000013&_sop=2&_ipg=200
FOR FIAT 500 MIRROR ARM STEM COVER STEM CAP LEFT (UK PASSENGER SIDE) SPR,9.79,333929514057,2 sold,SpringBlossoms,0735642839,0735642839,N/A,https://www.ebay.co.uk/sch/springblossoms-1/m.html?_nkw=&_armrs=1&_ipg=&_from=&_udlo=9.740000000000009&_udhi=9.79000000000001&_sop=2&_ipg=200
2 Button 434Mhz Remote Key Fob VA2For Renault Clio Kangoo Twingo Modus Master UK,9.85,333932218074,N/A,SpringBlossoms,Key MHZ  Renault Clio,N/A,Does not apply,https://www.ebay.co.uk/sch/springblossoms-1/m.html?_nkw=&_armrs=1&_ipg=&_from=&_udlo=9.79000000000001&_udhi=9.84000000000001&_sop=2&_ipg=200
433Mhz Car Remote Key Fob  2 Button For Vauxhall Opel Corsa C Combo Tigra Meriva,9.66,333933395016,1 sold,SpringBlossoms,Key  Mhz Vauxhall,N/A,Does not apply,https://www.ebay.co.uk/sch/springblossoms-1/m.html?_nkw=&_armrs=1&_ipg=&_from=&_udlo=9.590000000000007&_udhi=9.640000000000008&_sop=2&_ipg=200
12V 2.58A For Microsoft Surface Pro 3 Pro 4 Pro 5 Car Power Supply Charger Cable,9.75,333934642678,N/A,for Microsoft Surface Pro 3 Pro 4 Pro 5,N/A,N/A,Does Not Apply,https://www.ebay.co.uk/sch/springblossoms-1/m.html?_nkw=&_armrs=1&_ipg=&_from=&_udlo=9.690000000000008&_udhi=9.740000000000009&_sop=2&_ipg=200
HEART SUTRA Alloy Buddhist Incense Stick Holder Burning Joss Insence Box UK SHIP,9.35,333929518532,1 sold,Springblossoms,VWT9353252,N/A,VWT9353252,https://www.ebay.co.uk/sch/springblossoms-1/m.html?_nkw=&_armrs=1&_ipg=&_from=&_udlo=9.290000000000003&_udhi=9.340000000000003&_sop=2&_ipg=200
Micro Switch for Tailgate Boot Citroen C4 Picasso C5 C2 Peugeot SPR OE: 6490.R3,9.59,333934706451,1 sold,SpringBlossoms,6490R3,N/A,N/A,https://www.ebay.co.uk/sch/springblossoms-1/m.html?_nkw=&_armrs=1&_ipg=&_from=&_udlo=9.490000000000006&_udhi=9.540000000000006&_sop=2&_ipg=200
55702407 Fan Resistor Heater Blower Motor for Fiat Grande Punto Punto Evo Qubo,9.29,333928462259,6 sold,SpringBlossoms,55702407,"77364061, 6450XR, 55702407, 13248240, 342041, 6845796, 6436.C4, 6450.XR, 6545796, 5018001",N/A,https://www.ebay.co.uk/sch/springblossoms-1/m.html?_nkw=&_armrs=1&_ipg=&_from=&_udlo=9.240000000000002&_udhi=9.290000000000003&_sop=2&_ipg=200
DOOR HINGE CHECK STRAP FRONT LEFT RIGHT FOR PEUGEOT 206 3/5 DOORS 9181C8 SPR,9.49,333934662995,N/A,SpringBlossoms,Does Not Apply,9181C8,N/A,https://www.ebay.co.uk/sch/springblossoms-1/m.html?_nkw=&_armrs=1&_ipg=&_from=&_udlo=9.440000000000005&_udhi=9.490000000000006&_sop=2&_ipg=200
New for Vauxhall Zafira B 2008-2014 Front Bumper Towing Eye Cover Cap Primed UK,9.48,333927039667,N/A,Springblossoms,1405238,N/A,N/A,https://www.ebay.co.uk/sch/springblossoms-1/m.html?_nkw=&_armrs=1&_ipg=&_from=&_udlo=9.390000000000004&_udhi=9.440000000000005&_sop=2&_ipg=200
For Renault Clio MK2 Megane Scenic NEW Door Lock Actuator Rear Boot Tailgate SPR,9.59,333925912695,7 sold,SpringBlossoms,8200060917,"7700435694, 8200102583, 8200336706",N/A,https://www.ebay.co.uk/sch/springblossoms-1/m.html?_nkw=&_armrs=1&_ipg=&_from=&_udlo=9.540000000000006&_udhi=9.590000000000007&_sop=2&_ipg=200
Ignition Lock Starter Switch FOR Ford Ranger 2002 - 12 Mazda B-Serie Pickup BT50,8.99,333925937562,4 sold,SpringBlossoms,"GP7A66151,LC7066151,LS1084，4429612，2M34-11572-AA","GP7A66151, LC7066151, LS1084，4429612，2M34-11572-AA",N/A,https://www.ebay.co.uk/sch/springblossoms-1/m.html?_nkw=&_armrs=1&_ipg=&_from=&_udlo=8.939999999999998&_udhi=8.989999999999998&_sop=2&_ipg=200
For Peugeot 206 207 306 307 308 406 407 Partner 2xLED Licence Number Plate Light,8.99,333932257048,1 sold,SpringBlossoms,6340 A3,6340 A3,N/A,https://www.ebay.co.uk/sch/springblossoms-1/m.html?_nkw=&_armrs=1&_ipg=&_from=&_udlo=8.939999999999998&_udhi=8.989999999999998&_sop=2&_ipg=200
NEW Rear Door Hinge Check Strap Crafter Locator Guide For Mercedes Benz Sprinter,8.99,333927200993,1 sold,Springblossoms,A9067600428,"A9067600428, 9067600428",N/A,https://www.ebay.co.uk/sch/springblossoms-1/m.html?_nkw=&_armrs=1&_ipg=&_from=&_udlo=8.939999999999998&_udhi=8.989999999999998&_sop=2&_ipg=200
Replacement For Nintendo Switch NS Joy-Con 3D Analog Joystick Thumb Stick UK A,7.28 to 8.99,333926947340,6 sold,Springblossoms,N/A,N/A,Does Not Apply,https://www.ebay.co.uk/sch/springblossoms-1/m.html?_nkw=&_armrs=1&_ipg=&_from=&_udlo=8.939999999999998&_udhi=8.989999999999998&_sop=2&_ipg=200
NEW For Knock Sensor 30530PRC003 HONDA  Civic Type-R S2000 2.0 UK,8.99,333930772021,2 sold,Springblossoms,30530PRC003,"30530PRC003, 30530PRC-003, 30530-PRC-003, 30530PRBA01",N/A,https://www.ebay.co.uk/sch/springblossoms-1/m.html?_nkw=&_armrs=1&_ipg=&_from=&_udlo=8.939999999999998&_udhi=8.989999999999998&_sop=2&_ipg=200
Car Petrol Easy Install 17670-T3W-A01 Fuel Tank Cap Gas Filler for Honda Accord,9.08,333929531255,N/A,Springblossoms,17670-T3W-A01,N/A,N/A,https://www.ebay.co.uk/sch/springblossoms-1/m.html?_nkw=&_armrs=1&_ipg=&_from=&_udlo=8.989999999999998&_udhi=9.04&_sop=2&_ipg=200
NEW FOR BMW 1 SERIES CUP HOLDER BLACK E87 E81 E82 E88 UK STOCK FAST & FREE SHIP,8.88,333925912689,N/A,Springblossoms,BMW 1 SERIES CUP HOLDER,"CUP HOLDER, BMW CUP HOLDER, 1 SERIES CUP HOLDER, BMW 1 SERIES",N/A,https://www.ebay.co.uk/sch/springblossoms-1/m.html?_nkw=&_armrs=1&_ipg=&_from=&_udlo=8.789999999999996&_udhi=8.839999999999996&_sop=2&_ipg=200
2Pcs Car LED License Number Plate Light Lamp Bulbs For Audi A3 S3 A4 A6 B6 B7 Q7,8.88,333929761100,N/A,Springblossoms,Number Plate Light Audi,N/A,N/A,https://www.ebay.co.uk/sch/springblossoms-1/m.html?_nkw=&_armrs=1&_ipg=&_from=&_udlo=8.789999999999996&_udhi=8.839999999999996&_sop=2&_ipg=200
FUEL INJECTOR SEAL WASHER ORING SET FITS FORD FIESTA FUSION 1.4 TDCi 1204698 SP,8.88,333928636992,2 sold,SpringBlossoms,"1204698, 1348625","2S6Q-9A510-AA, 1204698, 2S6Q 9A510 AA, 2S6Q9A510AA, 1348625, 2S6Q-9E568-AB, 2S6Q9E568AB, 2S6Q 9E568 AB, 1 348 625, 1 204 698, FUEL INJECTOR SEAL WASHER ORING SET, DEMIO 2S6Q-9F593-AC, AYGO 2S6Q-9E568-AB, 307 2S6Q9F593AC, 107 2S6Q 9F593 AC, C3 PLURIEL 2S6Q-9E568-AB, C3 2S6Q9F593AC, FIESTA 1348623",N/A,https://www.ebay.co.uk/sch/springblossoms-1/m.html?_nkw=&_armrs=1&_ipg=&_from=&_udlo=8.789999999999996&_udhi=8.839999999999996&_sop=2&_ipg=200
Ignition Lock Starter Switch FOR Ford Ranger 2002 - 12 Mazda B-Serie Pickup BT50,8.99,333925937562,4 sold,SpringBlossoms,"GP7A66151,LC7066151,LS1084，4429612，2M34-11572-AA","GP7A66151, LC7066151, LS1084，4429612，2M34-11572-AA",N/A,https://www.ebay.co.uk/sch/springblossoms-1/m.html?_nkw=&_armrs=1&_ipg=&_from=&_udlo=8.989999999999998&_udhi=9.04&_sop=2&_ipg=200
Engraving Machine Extension Rod Metal Router Bits Cutting Collet Cutter Milling,8.69 to 10.08,333927059842,N/A,Springblossoms,N/A,N/A,Does Not Apply,https://www.ebay.co.uk/sch/springblossoms-1/m.html?_nkw=&_armrs=1&_ipg=&_from=&_udlo=8.589999999999993&_udhi=8.639999999999993&_sop=2&_ipg=200
2Pcs Car LED License Number Plate Light Lamp Bulbs For Audi A3 S3 A4 A6 B6 B7 Q7,8.88,333929761100,N/A,Springblossoms,Number Plate Light Audi,N/A,N/A,https://www.ebay.co.uk/sch/springblossoms-1/m.html?_nkw=&_armrs=1&_ipg=&_from=&_udlo=8.839999999999996&_udhi=8.889999999999997&_sop=2&_ipg=200
Vauxhall Insignia 09- 16 Tailgate Boot Opening Switch Button 13422268 Brand new!,8.66,333926973794,34 sold,Springblossoms,13422268,N/A,N/A,https://www.ebay.co.uk/sch/springblossoms-1/m.html?_nkw=&_armrs=1&_ipg=&_from=&_udlo=8.589999999999993&_udhi=8.639999999999993&_sop=2&_ipg=200
Engraving Machine Extension Rod Metal Router Bits Cutting Collet Cutter Milling,8.69 to 10.08,333927059842,N/A,Springblossoms,N/A,N/A,Does Not Apply,https://www.ebay.co.uk/sch/springblossoms-1/m.html?_nkw=&_armrs=1&_ipg=&_from=&_udlo=8.639999999999993&_udhi=8.689999999999994&_sop=2&_ipg=200
FOR NISSAN NOTE 2005-12 TAILGATE BOOT HANDLE RELEASE SWITCH 90602-JD00B SPR,8.68,333934656030,N/A,SpringBlossoms,"90602-JD00B, 90602-JD004","90602-JD00B, 90602-JD004, 90602-JD00B",N/A,https://www.ebay.co.uk/sch/springblossoms-1/m.html?_nkw=&_armrs=1&_ipg=&_from=&_udlo=8.589999999999993&_udhi=8.639999999999993&_sop=2&_ipg=200
New 20PCS  Marine Quality Connector Compatible with Anderson Powerpole 30 Amp UK,8.66,333927072386,N/A,Feierc,N/A,N/A,Does Not Apply,https://www.ebay.co.uk/sch/springblossoms-1/m.html?_nkw=&_armrs=1&_ipg=&_from=&_udlo=8.639999999999993&_udhi=8.689999999999994&_sop=2&_ipg=200
FUEL INJECTOR SEAL WASHER ORING SET FITS FORD FIESTA FUSION 1.4 TDCi 1204698 SP,8.88,333928636992,2 sold,SpringBlossoms,"1204698, 1348625","2S6Q-9A510-AA, 1204698, 2S6Q 9A510 AA, 2S6Q9A510AA, 1348625, 2S6Q-9E568-AB, 2S6Q9E568AB, 2S6Q 9E568 AB, 1 348 625, 1 204 698, FUEL INJECTOR SEAL WASHER ORING SET, DEMIO 2S6Q-9F593-AC, AYGO 2S6Q-9E568-AB, 307 2S6Q9F593AC, 107 2S6Q 9F593 AC, C3 PLURIEL 2S6Q-9E568-AB, C3 2S6Q9F593AC, FIESTA 1348623",N/A,https://www.ebay.co.uk/sch/springblossoms-1/m.html?_nkw=&_armrs=1&_ipg=&_from=&_udlo=8.839999999999996&_udhi=8.889999999999997&_sop=2&_ipg=200
New 20PCS  Marine Quality Connector Compatible with Anderson Powerpole 30 Amp UK,8.66,333927072386,N/A,Feierc,N/A,N/A,Does Not Apply,https://www.ebay.co.uk/sch/springblossoms-1/m.html?_nkw=&_armrs=1&_ipg=&_from=&_udlo=8.589999999999993&_udhi=8.639999999999993&_sop=2&_ipg=200
For Land Range Rover Sport Freelander 2 Discovery LED Licence Number Plate Light,9.48,333932261745,N/A,Springblossoms,XFC500040,XFC500040,N/A,https://www.ebay.co.uk/sch/springblossoms-1/m.html?_nkw=&_armrs=1&_ipg=&_from=&_udlo=9.390000000000004&_udhi=9.440000000000005&_sop=2&_ipg=200
For VW Passat B5 B6 CC Porsche LED Footwell Door Luggage Trunk Interior Light UK,9.48,333932179926,1 sold,Springblossoms,"3B0947415, 3B0947415B, 4E0947415, 6L0947415, 7L0947415","3B0947415, 3B0947415B, 4E0947415, 6L0947415, 7L0947415",N/A,https://www.ebay.co.uk/sch/springblossoms-1/m.html?_nkw=&_armrs=1&_ipg=&_from=&_udlo=9.390000000000004&_udhi=9.440000000000005&_sop=2&_ipg=200
Micro Switch for Tailgate Boot Citroen C4 Picasso C5 C2 Peugeot SPR OE: 6490.R3,9.59,333934706451,1 sold,SpringBlossoms,6490R3,N/A,N/A,https://www.ebay.co.uk/sch/springblossoms-1/m.html?_nkw=&_armrs=1&_ipg=&_from=&_udlo=9.540000000000006&_udhi=9.590000000000007&_sop=2&_ipg=200
NEW FOR BMW 1 SERIES CUP HOLDER BLACK E87 E81 E82 E88 UK STOCK FAST & FREE SHIP,8.88,333925912689,N/A,Springblossoms,BMW 1 SERIES CUP HOLDER,"CUP HOLDER, BMW CUP HOLDER, 1 SERIES CUP HOLDER, BMW 1 SERIES",N/A,https://www.ebay.co.uk/sch/springblossoms-1/m.html?_nkw=&_armrs=1&_ipg=&_from=&_udlo=8.839999999999996&_udhi=8.889999999999997&_sop=2&_ipg=200
P2015 ERROR FIX BRACKETS FOR ACTUATOR MOTOR 059129086 AUDI VW 2.7 3.0 4.2 TDI SP,9.29,333928486446,N/A,SpringBlossoms,Does Not Apply,"059129711 059129712, 059129711CK, 059129712BQ, 059129711DC, 059129712BT, 059198212, 059 129 711, 059 129 712, 059129717J, 059129086",N/A,https://www.ebay.co.uk/sch/springblossoms-1/m.html?_nkw=&_armrs=1&_ipg=&_from=&_udlo=9.240000000000002&_udhi=9.290000000000003&_sop=2&_ipg=200
For VW Passat B5 B6 CC Porsche LED Footwell Door Luggage Trunk Interior Light UK,9.48,333932179926,1 sold,Springblossoms,"3B0947415, 3B0947415B, 4E0947415, 6L0947415, 7L0947415","3B0947415, 3B0947415B, 4E0947415, 6L0947415, 7L0947415",N/A,https://www.ebay.co.uk/sch/springblossoms-1/m.html?_nkw=&_armrs=1&_ipg=&_from=&_udlo=9.440000000000005&_udhi=9.490000000000006&_sop=2&_ipg=200
DOOR HINGE CHECK STRAP FRONT LEFT RIGHT FOR PEUGEOT 206 3/5 DOORS 9181C8 SPR,9.49,333934662995,N/A,SpringBlossoms,Does Not Apply,9181C8,N/A,https://www.ebay.co.uk/sch/springblossoms-1/m.html?_nkw=&_armrs=1&_ipg=&_from=&_udlo=9.390000000000004&_udhi=9.440000000000005&_sop=2&_ipg=200
For Renault Clio MK2 Megane Scenic NEW Door Lock Actuator Rear Boot Tailgate SPR,9.59,333925912695,7 sold,SpringBlossoms,8200060917,"7700435694, 8200102583, 8200336706",N/A,https://www.ebay.co.uk/sch/springblossoms-1/m.html?_nkw=&_armrs=1&_ipg=&_from=&_udlo=9.490000000000006&_udhi=9.540000000000006&_sop=2&_ipg=200
FOR FIAT 500 MIRROR ARM STEM COVER STEM CAP LEFT (UK PASSENGER SIDE) SPR,9.79,333929514057,2 sold,SpringBlossoms,0735642839,0735642839,N/A,https://www.ebay.co.uk/sch/springblossoms-1/m.html?_nkw=&_armrs=1&_ipg=&_from=&_udlo=9.690000000000008&_udhi=9.740000000000009&_sop=2&_ipg=200
NEW MTB V BRAKE FULL SET FRONT/REAR MOUNTAIN BICYCLE CYCLING ALUMINUM ALLOY UK,8.48,333929539874,N/A,Springblossoms,N/A,N/A,Does Not Apply,https://www.ebay.co.uk/sch/springblossoms-1/m.html?_nkw=&_armrs=1&_ipg=&_from=&_udlo=8.38999999999999&_udhi=8.43999999999999&_sop=2&_ipg=200
93858398 Front Door Electric Window Switch Fit for Vauxhall Vivaro Movano SPR,8.59,333925888034,9 sold,SpringBlossoms,VP048,"8200108269, 4417286, 93858398, 8200107772",N/A,https://www.ebay.co.uk/sch/springblossoms-1/m.html?_nkw=&_armrs=1&_ipg=&_from=&_udlo=8.539999999999992&_udhi=8.589999999999993&_sop=2&_ipg=200
NEW FRONT DRIVERS RIGHT WINDOW SWITCH PACK 2 DOOR FOR VW EOS GOLF MK6 5K3959857A,8.48,333927002186,3 sold,Springblossoms,5K3959857,"5K3959857B, 5K3959857C, 5K3 959 857 A",N/A,https://www.ebay.co.uk/sch/springblossoms-1/m.html?_nkw=&_armrs=1&_ipg=&_from=&_udlo=8.43999999999999&_udhi=8.489999999999991&_sop=2&_ipg=200
NEW MTB V BRAKE FULL SET FRONT/REAR MOUNTAIN BICYCLE CYCLING ALUMINUM ALLOY UK,8.48,333929539874,N/A,Springblossoms,N/A,N/A,Does Not Apply,https://www.ebay.co.uk/sch/springblossoms-1/m.html?_nkw=&_armrs=1&_ipg=&_from=&_udlo=8.43999999999999&_udhi=8.489999999999991&_sop=2&_ipg=200
New For Philips 9012LL/HIR2 Bulb 12V 55W Long Life Version High Performance.X 1,7.98,333930760470,N/A,Springblossoms,Does Not Apply,N/A,N/A,https://www.ebay.co.uk/sch/springblossoms-1/m.html?_nkw=&_armrs=1&_ipg=&_from=&_udlo=7.939999999999984&_udhi=7.989999999999984&_sop=2&_ipg=200
Dovetail 11mm - 20mm Weaver Picatinny Rail Adapter Converter Mount Scope Base UK,8.28,333926965836,1 sold,Springblossoms,N/A,N/A,Does Not Apply,https://www.ebay.co.uk/sch/springblossoms-1/m.html?_nkw=&_armrs=1&_ipg=&_from=&_udlo=8.189999999999987&_udhi=8.239999999999988&_sop=2&_ipg=200
Dovetail 11mm - 20mm Weaver Picatinny Rail Adapter Converter Mount Scope Base UK,8.28,333926965836,1 sold,Springblossoms,N/A,N/A,Does Not Apply,https://www.ebay.co.uk/sch/springblossoms-1/m.html?_nkw=&_armrs=1&_ipg=&_from=&_udlo=8.239999999999988&_udhi=8.289999999999988&_sop=2&_ipg=200
2pcs 55344016 Boot Retaining Ring Lugs Gear Stick Lever Gaiter For Fiat 500 500c,8.59,333925946727,10 sold,SpringBlossoms,Does Not Apply,N/A,N/A,https://www.ebay.co.uk/sch/springblossoms-1/m.html?_nkw=&_armrs=1&_ipg=&_from=&_udlo=8.539999999999992&_udhi=8.589999999999993&_sop=2&_ipg=200
FOR fiat 500 Repair Kit OS or NS fiat door handle hinge SPR 51964555,8.59,333925913412,35 sold,SpringBlossoms,Does Not Apply,"51964555, 51939041",N/A,https://www.ebay.co.uk/sch/springblossoms-1/m.html?_nkw=&_armrs=1&_ipg=&_from=&_udlo=8.539999999999992&_udhi=8.589999999999993&_sop=2&_ipg=200
NEW Replacement AC Adapter Power Supply Charger For Amazon Echo Speaker Fire TV,7.66,333927126236,1 sold,Springblossoms,N/A,N/A,Does Not Apply,https://www.ebay.co.uk/sch/springblossoms-1/m.html?_nkw=&_armrs=1&_ipg=&_from=&_udlo=7.589999999999986&_udhi=7.6399999999999855&_sop=2&_ipg=200
6 x SPARE 14607 IGNITION KEY PLANT APPLICATION JCB BOMAG HATZ MANITOU TRACTOR SP,7.59,333928479209,1 sold,SpringBlossoms,9996270,N/A,N/A,https://www.ebay.co.uk/sch/springblossoms-1/m.html?_nkw=&_armrs=1&_ipg=&_from=&_udlo=7.539999999999986&_udhi=7.589999999999986&_sop=2&_ipg=200
FOR BMW X5 E53 2000 - 2006 Ultrasonic PDC Parking Reverse Sensor SPR,7.88,333928694661,N/A,SpringBlossoms,Does Not Apply,66206989068,N/A,https://www.ebay.co.uk/sch/springblossoms-1/m.html?_nkw=&_armrs=1&_ipg=&_from=&_udlo=7.789999999999985&_udhi=7.839999999999985&_sop=2&_ipg=200
FOR BMW X5 E53 2000 - 2006 Ultrasonic PDC Parking Reverse Sensor SPR,7.88,333928694661,N/A,SpringBlossoms,Does Not Apply,66206989068,N/A,https://www.ebay.co.uk/sch/springblossoms-1/m.html?_nkw=&_armrs=1&_ipg=&_from=&_udlo=7.839999999999985&_udhi=7.889999999999985&_sop=2&_ipg=200
New For Philips 9012LL/HIR2 Bulb 12V 55W Long Life Version High Performance.X 1,7.98,333930760470,N/A,Springblossoms,Does Not Apply,N/A,N/A,https://www.ebay.co.uk/sch/springblossoms-1/m.html?_nkw=&_armrs=1&_ipg=&_from=&_udlo=7.889999999999985&_udhi=7.939999999999984&_sop=2&_ipg=200
Valve Rocker Cover Gasket for Vauxhall 1.6 & 1.8 Astra Corsa Insignia Vectra SPR,7.59,333934702361,N/A,SpringBlossoms,Does Not Apply,"55354237, 5607980, 83138, X83138-01, 50-029994-00, 71-38166-00, J1220915, 440420P, 11110300, RC1443S, N1220912, JM7103, WG1008343, WG1248134",N/A,https://www.ebay.co.uk/sch/springblossoms-1/m.html?_nkw=&_armrs=1&_ipg=&_from=&_udlo=7.539999999999986&_udhi=7.589999999999986&_sop=2&_ipg=200
Black Universal Car Shark Fin Roof Antenna Radio FM/AM Signal Aerials For BMW UK,7.35,333925951638,5 sold,Springblossoms,Car Shark Fin,N/A,N/A,https://www.ebay.co.uk/sch/springblossoms-1/m.html?_nkw=&_armrs=1&_ipg=&_from=&_udlo=7.289999999999987&_udhi=7.3399999999999865&_sop=2&_ipg=200
Electric Window Switch Driver For VW Polo Caddy Seat Ibiza Leon #1K3959857A UK,7.48,333930873646,5 sold,Springblossoms,"1K3959857A, 2K0959857","2K0 959 857A, 2K0 959 857 A, 2K0959857A, 1K3959857A",N/A,https://www.ebay.co.uk/sch/springblossoms-1/m.html?_nkw=&_armrs=1&_ipg=&_from=&_udlo=7.389999999999986&_udhi=7.439999999999986&_sop=2&_ipg=200
Electric Window Switch Driver For VW Polo Caddy Seat Ibiza Leon #1K3959857A UK,7.48,333930873646,5 sold,Springblossoms,"1K3959857A, 2K0959857","2K0 959 857A, 2K0 959 857 A, 2K0959857A, 1K3959857A",N/A,https://www.ebay.co.uk/sch/springblossoms-1/m.html?_nkw=&_armrs=1&_ipg=&_from=&_udlo=7.439999999999986&_udhi=7.489999999999986&_sop=2&_ipg=200
NEW 1K0959263A For VW AUDI SEAT SKODA Heater Blower Motor FAN Control Resistor,7.66,333929741313,3 sold,Springblossoms,1K0959263A,1K0 959 263A,N/A,https://www.ebay.co.uk/sch/springblossoms-1/m.html?_nkw=&_armrs=1&_ipg=&_from=&_udlo=7.589999999999986&_udhi=7.6399999999999855&_sop=2&_ipg=200
735426145 FOR Fiat Grande Punto Black glove box Front lid handle catch New,7.99,333934710555,N/A,SpringBlossoms,735426145,735426145,N/A,https://www.ebay.co.uk/sch/springblossoms-1/m.html?_nkw=&_armrs=1&_ipg=&_from=&_udlo=7.939999999999984&_udhi=7.989999999999984&_sop=2&_ipg=200
Fit Smart ForFour Bowden Cable for Exterior Front Door Handle Left or Right Hand,7.99,333933384619,N/A,SpringBlossoms,a4547230169,"A4547230169, 4547230169",N/A,https://www.ebay.co.uk/sch/springblossoms-1/m.html?_nkw=&_armrs=1&_ipg=&_from=&_udlo=7.939999999999984&_udhi=7.989999999999984&_sop=2&_ipg=200
P Switch Parking Brake Cover Handbrake Cap 2014-17 TPU BMW XDrive F10 F11 X3X4,7.55,333929512238,1 sold,Springblossoms,61312822518,61312822518,N/A,https://www.ebay.co.uk/sch/springblossoms-1/m.html?_nkw=&_armrs=1&_ipg=&_from=&_udlo=7.489999999999986&_udhi=7.539999999999986&_sop=2&_ipg=200
BLACK AN-10 AN10 45° Degree FAST FLOW Fuel Oil Braided Hose Fitting UK Fast Ship,7.99,333930876507,N/A,SpringBlossoms,Does not Apply,N/A,Does not Apply,https://www.ebay.co.uk/sch/springblossoms-1/m.html?_nkw=&_armrs=1&_ipg=&_from=&_udlo=7.939999999999984&_udhi=7.989999999999984&_sop=2&_ipg=200
Replacement For Nintendo Switch NS Joy-Con 3D Analog Joystick Thumb Stick UK A,7.28 to 8.99,333926947340,6 sold,Springblossoms,N/A,N/A,Does Not Apply,https://www.ebay.co.uk/sch/springblossoms-1/m.html?_nkw=&_armrs=1&_ipg=&_from=&_udlo=7.239999999999987&_udhi=7.289999999999987&_sop=2&_ipg=200
FOR FORD TRANSIT MK7 2.2 2.4 3.2 TDCI FUEL INJECTOR SEALS WASHER ORING SPR,7.99,333925917312,16 sold,SpringBlossoms,"1372494, 1980.J7, 71724128, LR010137, 6C1Q-6K780-AB","1372494 , 1378433 , 1495919 , 1378432 , 1980.J7, 71724128 , 71794621 , LR010137 , 6C1Q-6K780-AB, 6C1Q-9M577-AB , 6C1Q-9K546-BC , 6C1Q-9K546-AC",N/A,https://www.ebay.co.uk/sch/springblossoms-1/m.html?_nkw=&_armrs=1&_ipg=&_from=&_udlo=7.939999999999984&_udhi=7.989999999999984&_sop=2&_ipg=200
NEW For BOSE SoundLink Mini Compatible Power Adapter Charger 12V AC 3pin Mains,8.28,333929798579,1 sold,Bose / BOSE / bose,N/A,N/A,Does Not Apply,https://www.ebay.co.uk/sch/springblossoms-1/m.html?_nkw=&_armrs=1&_ipg=&_from=&_udlo=8.189999999999987&_udhi=8.239999999999988&_sop=2&_ipg=200
NEW For BOSE SoundLink Mini Compatible Power Adapter Charger 12V AC 3pin Mains,8.28,333929798579,1 sold,Bose / BOSE / bose,N/A,N/A,Does Not Apply,https://www.ebay.co.uk/sch/springblossoms-1/m.html?_nkw=&_armrs=1&_ipg=&_from=&_udlo=8.239999999999988&_udhi=8.289999999999988&_sop=2&_ipg=200
Replacement For Nintendo Switch NS Joy-Con 3D Analog Joystick Thumb Stick UK A,7.28 to 8.99,333926947340,6 sold,Springblossoms,N/A,N/A,Does Not Apply,https://www.ebay.co.uk/sch/springblossoms-1/m.html?_nkw=&_armrs=1&_ipg=&_from=&_udlo=7.189999999999987&_udhi=7.239999999999987&_sop=2&_ipg=200
Brake Light Stop Switch 1C0945511A 1J0945511A FOR VW MK4 Golf Bora Caddy Polo SP,7.29,333925949753,N/A,SpringBlossoms,Does Not Apply,"1J0945511A, 1J0945511B, 1J0945511C, 1J0945511D, 1J0945511E, 1C0945511A, Volkswagen, VW, Sharan, Touareg, Lupo, Polo, Beetle, MK4, Golf, T4, T5, Transporter, Multivan, Audi, A3, A2, TT, TT Roadster, Ford Galaxy, Porsche, Cayenne, Caddy, Bora",N/A,https://www.ebay.co.uk/sch/springblossoms-1/m.html?_nkw=&_armrs=1&_ipg=&_from=&_udlo=7.239999999999987&_udhi=7.289999999999987&_sop=2&_ipg=200
Front Right Driver Seat Tilt Handle Lever For Ford Fiesta Mk6 3 Door 2002-08 SPR,8.29,333925961890,25 sold,SpringBlossoms,1417520,N/A,N/A,https://www.ebay.co.uk/sch/springblossoms-1/m.html?_nkw=&_armrs=1&_ipg=&_from=&_udlo=8.239999999999988&_udhi=8.289999999999988&_sop=2&_ipg=200
New Mini Portable Bicycle Air Pump Bike Tire Inflator MTB Road Bike Cycling Pump,6.88 to 7.08,333927088732,12 sold,Unbranded,N/A,N/A,Does Not Apply,https://www.ebay.co.uk/sch/springblossoms-1/m.html?_nkw=&_armrs=1&_ipg=&_from=&_udlo=7.039999999999988&_udhi=7.089999999999987&_sop=2&_ipg=200
NEW HEART EXHAUST MOUNTING RUBBER FOR RED JAGUAR XF / XJ REAR OE: C2C32948,6.88,333934693401,N/A,SpringBlossoms,C2C32948,2W935A262EA,N/A,https://www.ebay.co.uk/sch/springblossoms-1/m.html?_nkw=&_armrs=1&_ipg=&_from=&_udlo=6.839999999999988&_udhi=6.889999999999988&_sop=2&_ipg=200
RED Engine Start Stop Button BMW Chassis 1 Series 3 Series X3 X5 F10 F20 F30 SPR,6.88,333928485035,1 sold,SpringBlossoms,Does Not Apply,N/A,N/A,https://www.ebay.co.uk/sch/springblossoms-1/m.html?_nkw=&_armrs=1&_ipg=&_from=&_udlo=6.839999999999988&_udhi=6.889999999999988&_sop=2&_ipg=200
1x Car Leather Key Holder Remote Cover Black Case For Renault Kadjar Keychain UK,6.88,333927154088,2 sold,Springblossoms,Does Not Apply,N/A,N/A,https://www.ebay.co.uk/sch/springblossoms-1/m.html?_nkw=&_armrs=1&_ipg=&_from=&_udlo=6.839999999999988&_udhi=6.889999999999988&_sop=2&_ipg=200
New Mini Portable Bicycle Air Pump Bike Tire Inflator MTB Road Bike Cycling Pump,6.88 to 7.08,333927088732,12 sold,Unbranded,N/A,N/A,Does Not Apply,https://www.ebay.co.uk/sch/springblossoms-1/m.html?_nkw=&_armrs=1&_ipg=&_from=&_udlo=6.839999999999988&_udhi=6.889999999999988&_sop=2&_ipg=200
2PCS Front Wiper Blade To Arm Lock Clip For BMW 5 E39 Peugeot 607 OE 61618231740,6.85,333925858060,N/A,Springblossoms,Does not apply,N/A,N/A,https://www.ebay.co.uk/sch/springblossoms-1/m.html?_nkw=&_armrs=1&_ipg=&_from=&_udlo=6.7899999999999885&_udhi=6.839999999999988&_sop=2&_ipg=200
Electric Window Double Switch Driver Side Fit VW Transporter T5 T6 Caravelle UK*,6.88,333925868150,2 sold,Springblossoms,Does Not Apply,7E0959855A,N/A,https://www.ebay.co.uk/sch/springblossoms-1/m.html?_nkw=&_armrs=1&_ipg=&_from=&_udlo=6.839999999999988&_udhi=6.889999999999988&_sop=2&_ipg=200
"For Vauxhall Astra G H 1998-2009, Corsa B C 94-06 Petrol Fuel Cap Febi #90501145",6.35,333925903817,4 sold,Springblossoms,90501145,"GM 90501145, 9501145",N/A,https://www.ebay.co.uk/sch/springblossoms-1/m.html?_nkw=&_armrs=1&_ipg=&_from=&_udlo=6.28999999999999&_udhi=6.33999999999999&_sop=2&_ipg=200
Digital Temperature Controller Switch Probe Control 12V 20A Thermostat,6.59,333928557075,N/A,SpringBlossoms,N/A,N/A,Does Not Apply,https://www.ebay.co.uk/sch/springblossoms-1/m.html?_nkw=&_armrs=1&_ipg=&_from=&_udlo=6.539999999999989&_udhi=6.589999999999989&_sop=2&_ipg=200
OEM Fuel Vacuum Pump Gasket For Audi A3 A4 A6 Mk4 Mk5 VW Golf TDI  038145215,6.29,333928592700,1 sold,SpringBlossoms,876661,038 145 215,N/A,https://www.ebay.co.uk/sch/springblossoms-1/m.html?_nkw=&_armrs=1&_ipg=&_from=&_udlo=6.23999999999999&_udhi=6.28999999999999&_sop=2&_ipg=200
FOR BLACK JAGUAR XF XJ HEART REAR EXHAUST MOUNTING RUBBER 5W93-5A262-AA  SPR,6.29,333934694945,N/A,SpringBlossoms,C2C32948,"5W93-5A262-AA, C2C32948",N/A,https://www.ebay.co.uk/sch/springblossoms-1/m.html?_nkw=&_armrs=1&_ipg=&_from=&_udlo=6.23999999999999&_udhi=6.28999999999999&_sop=2&_ipg=200
96401469XT Front Electric Window Switch For Citroen C2 C3 Peugeot 1007 Hatchback,6.35,333926959337,2 sold,Springblossoms,"96401469XT, Citroen Electric Window Switch",6554L7，96401469XT,Does not apply,https://www.ebay.co.uk/sch/springblossoms-1/m.html?_nkw=&_armrs=1&_ipg=&_from=&_udlo=6.28999999999999&_udhi=6.33999999999999&_sop=2&_ipg=200
UK Fit For Renault Laguna Trafic Vauxhall Nissan 8200442724 Warning Hazard Light,5.88,333925931189,2 sold,Springblossoms,8200442724,N/A,N/A,https://www.ebay.co.uk/sch/springblossoms-1/m.html?_nkw=&_armrs=1&_ipg=&_from=&_udlo=5.839999999999992&_udhi=5.889999999999992&_sop=2&_ipg=200
NEW Black Rear Seat Isofix Cover Child Seat Safety Anchor For BMW 1 3 Series X1,6.08,333926950449,12 sold,Springblossoms,52207319686 / 17949110,52207319686 / 17949110,52207319686 / 17949110,https://www.ebay.co.uk/sch/springblossoms-1/m.html?_nkw=&_armrs=1&_ipg=&_from=&_udlo=6.039999999999991&_udhi=6.089999999999991&_sop=2&_ipg=200
Ford Radiator Expansion Water Tank Cap For Ford/Focus/Fiesta/C-max/Mondeo/Trans,6.35,333927257443,2 sold,Springblossoms,1301104,N/A,N/A,https://www.ebay.co.uk/sch/springblossoms-1/m.html?_nkw=&_armrs=1&_ipg=&_from=&_udlo=6.28999999999999&_udhi=6.33999999999999&_sop=2&_ipg=200
5Pcs B22 to E27 Lamp Light Bulb BAYONET Cap B22 To EDISON Screw E27 Adapter UK,6.35,333925971486,6 sold,Springblossoms,N/A,N/A,Does Not Apply,https://www.ebay.co.uk/sch/springblossoms-1/m.html?_nkw=&_armrs=1&_ipg=&_from=&_udlo=6.28999999999999&_udhi=6.33999999999999&_sop=2&_ipg=200
3x Secondary Air Pump Retaining Mount Buffer For Audi A3 VW Golf Polo SPR,5.59,333928716259,N/A,SpringBlossoms,06A133567A,"06A 133 567 F, 06A133567F, 06A 133 567 A, 06A133567B, 06A 133 567 B,, 06A133567A",N/A,https://www.ebay.co.uk/sch/springblossoms-1/m.html?_nkw=&_armrs=1&_ipg=&_from=&_udlo=5.539999999999993&_udhi=5.589999999999993&_sop=2&_ipg=200
"9.3"" Car Air Tyre Tire Chuck Inflator Pump Hose Replacement Adapter Pipe Tool SP",5.59,333934674555,1 sold,SpringBlossoms,Does not apply,N/A,N/A,https://www.ebay.co.uk/sch/springblossoms-1/m.html?_nkw=&_armrs=1&_ipg=&_from=&_udlo=5.539999999999993&_udhi=5.589999999999993&_sop=2&_ipg=200
FIT VW Audi Golf POLO Caddy Beetle A1 Ibiza Arosa SEAT RIGHT TILT RELEASE HANDLE,4.99,333928649718,N/A,Springblossoms,1J3881634B,"1J3881634BB41, 1J3881634B, 1J3881634, MK4, Golf, Polo, Lupo, Fox, Caddy, Beetle, Bora, Volkswagen, Audi, A1, SEAT, Ibiza, Arosa",N/A,https://www.ebay.co.uk/sch/springblossoms-1/m.html?_nkw=&_armrs=1&_ipg=&_from=&_udlo=4.939999999999995&_udhi=4.989999999999995&_sop=2&_ipg=200
2x Rear Wiper Washer Nozzle Spray Jet Black For Audi A3 A4 A6 Q7 #8E9955985 UK,4.99,333933397710,1 sold,Springblossoms,"8E9955985, 8K9955985A",N/A,N/A,https://www.ebay.co.uk/sch/springblossoms-1/m.html?_nkw=&_armrs=1&_ipg=&_from=&_udlo=4.939999999999995&_udhi=4.989999999999995&_sop=2&_ipg=200
2X Parcel Shelf Tray Cover string strap For FORD FOCUS MK3 2011-18 rope clips SP,4.59,333928487821,N/A,SpringBlossoms,Does Not Apply,4M51A46538AB,N/A,https://www.ebay.co.uk/sch/springblossoms-1/m.html?_nkw=&_armrs=1&_ipg=&_from=&_udlo=4.5399999999999965&_udhi=4.589999999999996&_sop=2&_ipg=200
2X Parcel Shelf Tray Cover string strap For FORD FOCUS MK3 2011-18 rope clips SP,4.59,333928487821,N/A,SpringBlossoms,Does Not Apply,4M51A46538AB,N/A,https://www.ebay.co.uk/sch/springblossoms-1/m.html?_nkw=&_armrs=1&_ipg=&_from=&_udlo=4.589999999999996&_udhi=4.639999999999996&_sop=2&_ipg=200
